actual_timesteps,approximate_kl,clip_fraction,effective_device,entropy_loss,environment_version,error,explained_variance,feature_version,learning_rate,parameter_count,policy_gradient_loss,recurrent_continuity_checks,recurrent_continuity_verified,recurrent_contract_version,requested_device,requested_timesteps,rollout_boundaries_observed,run_id,runtime_seconds,seed,status,steps_per_second,study_version,symbol,test_partition_loaded,train_end,train_rows,train_start,updates,validation_end,validation_exposure_percentage,validation_first_episode_start,validation_max_drawdown,validation_parameters_unchanged,validation_return,validation_rows,validation_sharpe,validation_start,validation_status,validation_trade_count,value_loss,worker_wall_seconds
50176,0.048470985144376755,0.1294921875,cpu,-0.5507682297378779,single_symbol_env_v1,,0.7746522426605225,psx-4a-126450ec6355,0.0003,51076,-0.023143115756101906,97,True,rl_recurrent_partition_v1,cpu,50000,98,budget-94945a4d19694d0f2546,106.71468933299184,42,completed,470.18831534458326,recurrent_budget_study_v1,AGP,False,2024-02-15,1421,2018-05-15,980,2025-05-14,2.9702970297029703,True,0.05465827631858844,True,-0.03648976594198472,304,-0.4730623870167912,2024-02-16,completed,8,0.0011713384479662635,106.84180208295584
100352,0.0432734340429306,0.1423828125,cpu,-0.350275238789618,single_symbol_env_v1,,0.9192078113555908,psx-4a-126450ec6355,0.0003,51076,-0.021962656069081276,195,True,rl_recurrent_partition_v1,cpu,100000,196,budget-4d664d0a4059dbd00336,212.3362620829139,42,completed,472.60886584136136,recurrent_budget_study_v1,AGP,False,2024-02-15,1421,2018-05-15,1960,2025-05-14,9.570957095709572,True,0.04327255493176363,True,0.547821030957045,304,2.575728355087125,2024-02-16,completed,11,0.0004603227645930019,212.47314324998297
250368,0.06269422173500061,0.1796875,cpu,-0.3418103339150548,single_symbol_env_v1,,0.9679026007652283,psx-4a-126450ec6355,0.0003,51076,-0.02807791157392785,488,True,rl_recurrent_partition_v1,cpu,250000,489,budget-e085915f99d8af1af0fe,530.622960875,42,completed,471.83785561624,recurrent_budget_study_v1,AGP,False,2024-02-15,1421,2018-05-15,4890,2025-05-14,4.29042904290429,True,0.06550931727025355,True,0.2484162448516054,304,1.29968278567159,2024-02-16,completed,8,0.0009589465129465679,530.755208125
50176,0.023798462003469467,0.0900390625,cpu,-0.42000195449218153,single_symbol_env_v1,,0.42308688163757324,psx-4a-126450ec6355,0.0003,51076,-0.010379007493611425,97,True,rl_recurrent_partition_v1,cpu,50000,98,budget-5d3f55df5265ba8a0f0c,108.18956441700004,123,completed,463.77855637355486,recurrent_budget_study_v1,AGP,False,2024-02-15,1421,2018-05-15,980,2025-05-14,10.561056105610561,True,0.06551055427367725,True,0.2964337558431156,304,1.4455256995680092,2024-02-16,completed,10,0.001234316265254165,108.32030129200007
100352,0.0116036431863904,0.1173828125,cpu,-0.40627169869840146,single_symbol_env_v1,,0.7396754026412964,psx-4a-126450ec6355,0.0003,51076,-0.015110941632883623,195,True,rl_recurrent_partition_v1,cpu,100000,196,budget-d0da7a88d6cd2c7a3435,214.4191579159999,123,completed,468.0178813094376,recurrent_budget_study_v1,AGP,False,2024-02-15,1421,2018-05-15,1960,2025-05-14,29.372937293729372,True,0.18181084366765898,True,0.6666859321671619,304,1.7732393383086102,2024-02-16,completed,22,0.0013725079597861622,214.54646354099998
250368,0.07114671170711517,0.216015625,cpu,-0.39664204195141795,single_symbol_env_v1,,0.9463717341423035,psx-4a-126450ec6355,0.0003,51076,-0.034088454570155594,488,True,rl_recurrent_partition_v1,cpu,250000,489,budget-85bb0fe2205cdacfe325,532.291007584,123,completed,470.35925167398176,recurrent_budget_study_v1,AGP,False,2024-02-15,1421,2018-05-15,4890,2025-05-14,8.58085808580858,True,0.08678213134789137,True,0.2014960833126005,304,1.0580947944623857,2024-02-16,completed,14,0.0004632150124052714,532.4175647920001
50176,0.015511821024119854,0.10234375,cpu,-0.3623902853578329,single_symbol_env_v1,,0.8084086775779724,psx-4a-126450ec6355,0.0003,51076,-0.012076809536665678,97,True,rl_recurrent_partition_v1,cpu,50000,98,budget-0b30310844100c82d072,104.44281254200018,2026,completed,480.41601694537326,recurrent_budget_study_v1,AGP,False,2024-02-15,1421,2018-05-15,980,2025-05-14,20.462046204620464,True,0.1818021383964047,True,0.38644138023744135,304,1.3080103646177974,2024-02-16,completed,12,0.0008850593676470453,104.56607520800003
100352,0.026961900293827057,0.136328125,cpu,-0.5134622018784285,single_symbol_env_v1,,0.8030154705047607,psx-4a-126450ec6355,0.0003,51076,-0.015581843978725373,195,True,rl_recurrent_partition_v1,cpu,100000,196,budget-8f20b1826b1ff5dcf798,217.330097541,2026,completed,461.74920609451385,recurrent_budget_study_v1,AGP,False,2024-02-15,1421,2018-05-15,1960,2025-05-14,11.55115511551155,True,0.16466917214164423,True,0.0947389234036713,304,0.5052711413592703,2024-02-16,completed,13,0.0008242540341598214,217.46154179099995
250368,0.08939559757709503,0.1720703125,cpu,-0.3091048697009683,single_symbol_env_v1,,0.9609420895576477,psx-4a-126450ec6355,0.0003,51076,-0.028849357983563095,488,True,rl_recurrent_partition_v1,cpu,250000,489,budget-1a145f767fe18951e5e5,528.2734273329997,2026,completed,473.93638794968064,recurrent_budget_study_v1,AGP,False,2024-02-15,1421,2018-05-15,4890,2025-05-14,26.4026402640264,True,0.15878064110449763,True,0.8824207846188765,304,2.105310873382782,2024-02-16,completed,22,0.0005037492797782761,528.3993540840002
50176,0.027943849563598633,0.1609375,cpu,-0.5152226634323597,single_symbol_env_v1,,0.9625610709190369,psx-4a-126450ec6355,0.0003,51076,-0.023421027709264308,97,True,rl_recurrent_partition_v1,cpu,50000,98,budget-4e8a34b38604a6f98dd1,108.95411891600088,42,completed,460.524122439865,recurrent_budget_study_v1,AKDHL,False,2025-04-21,709,2021-10-07,980,2025-12-15,15.894039735099339,True,0.08694557314131002,True,0.2090910843526057,152,1.3905340427114994,2025-04-22,completed,12,0.0007931690579425776,109.02768329100036
100352,0.03681317716836929,0.1279296875,cpu,-0.3153656110167503,single_symbol_env_v1,,0.9072378277778625,psx-4a-126450ec6355,0.0003,51076,-0.01561216545815114,195,True,rl_recurrent_partition_v1,cpu,100000,196,budget-d485c290b28b0076c212,211.56090216700068,42,completed,474.3409532295563,recurrent_budget_study_v1,AKDHL,False,2025-04-21,709,2021-10-07,1960,2025-12-15,50.993377483443716,True,0.18863052503279099,True,0.16936314971055233,152,0.9544527440187888,2025-04-22,completed,24,0.0005796220541014919,211.6330444590003
250368,0.04625163972377777,0.1443359375,cpu,-0.25809059347957375,single_symbol_env_v1,,0.9754173755645752,psx-4a-126450ec6355,0.0003,51076,-0.02239460569107905,488,True,rl_recurrent_partition_v1,cpu,250000,489,budget-5a632e4d5f03b0bef110,553.1834903750005,42,completed,452.59485208113625,recurrent_budget_study_v1,AKDHL,False,2025-04-21,709,2021-10-07,4890,2025-12-15,19.867549668874172,True,0.2043763070152551,True,0.199361179706101,152,0.9924744206142837,2025-04-22,completed,18,0.0003696343838782923,553.2742066669998
50176,0.02425719052553177,0.0931640625,cpu,-0.31435353569686414,single_symbol_env_v1,,0.9508686661720276,psx-4a-126450ec6355,0.0003,51076,-0.018959246337180956,97,True,rl_recurrent_partition_v1,cpu,50000,98,budget-264f3959b80ebfff524d,122.05487783299941,123,completed,411.09377102202257,recurrent_budget_study_v1,AKDHL,False,2025-04-21,709,2021-10-07,980,2025-12-15,64.23841059602648,True,0.16142623884048624,True,0.11830983964706498,152,0.6778784020575046,2025-04-22,completed,5,0.0008483001119202527,122.14235729199936
100352,0.04580753296613693,0.13125,cpu,-0.30809225514531136,single_symbol_env_v1,,0.8999428749084473,psx-4a-126450ec6355,0.0003,51076,-0.023855822766199707,195,True,rl_recurrent_partition_v1,cpu,100000,196,budget-52cca3ca73def6c2d18c,232.4357085419997,123,completed,431.74089140381375,recurrent_budget_study_v1,AKDHL,False,2025-04-21,709,2021-10-07,1960,2025-12-15,76.15894039735099,True,0.166945762175995,True,0.0847481568670101,152,0.5291343685133335,2025-04-22,completed,7,0.0009488821295235538,232.5229394170001
250368,0.13067969679832458,0.1595703125,cpu,-0.19153205063194037,single_symbol_env_v1,,0.9920189380645752,psx-4a-126450ec6355,0.0003,51076,-0.03396759629831649,488,True,rl_recurrent_partition_v1,cpu,250000,489,budget-4621c981a78dcacca3ca,590.5300614579992,123,completed,423.9716423273181,recurrent_budget_study_v1,AKDHL,False,2025-04-21,709,2021-10-07,4890,2025-12-15,54.966887417218544,True,0.13365425774653406,True,0.365187679949756,152,1.628615840626735,2025-04-22,completed,29,0.00031603886859556953,590.6069693329991
50176,0.023523489013314247,0.1484375,cpu,-0.4969791412353516,single_symbol_env_v1,,0.9310333132743835,psx-4a-126450ec6355,0.0003,51076,-0.02029999904916622,97,True,rl_recurrent_partition_v1,cpu,50000,98,budget-4a2f1ae39b584ade9614,108.63595766699837,2026,completed,461.87285570588347,recurrent_budget_study_v1,AKDHL,False,2025-04-21,709,2021-10-07,980,2025-12-15,49.668874172185426,True,0.09815396668551979,True,0.3932653889808748,152,1.8151506426933757,2025-04-22,completed,9,0.0008852952703819028,108.71581374999914
100352,0.037076737731695175,0.1482421875,cpu,-0.31729044802486894,single_symbol_env_v1,,0.8767030835151672,psx-4a-126450ec6355,0.0003,51076,-0.011443931696703658,195,True,rl_recurrent_partition_v1,cpu,100000,196,budget-1281235d35b659b70f1c,216.30425758400088,2026,completed,463.93908802756096,recurrent_budget_study_v1,AKDHL,False,2025-04-21,709,2021-10-07,1960,2025-12-15,58.94039735099338,True,0.12925182864973772,True,0.2019362925325403,152,1.1228062266389554,2025-04-22,completed,17,0.001173518016912567,216.3814074999991
250368,0.08311191201210022,0.141015625,cpu,-0.22652543392032384,single_symbol_env_v1,,0.981346070766449,psx-4a-126450ec6355,0.0003,51076,-0.020323501818347724,488,True,rl_recurrent_partition_v1,cpu,250000,489,budget-7a89b0c8d83170c6c8b8,558.436124459,2026,completed,448.33775795316024,recurrent_budget_study_v1,AKDHL,False,2025-04-21,709,2021-10-07,4890,2025-12-15,37.086092715231786,True,0.13367009079946235,True,0.05249545494034091,152,0.4833362951474549,2025-04-22,completed,17,0.0006124705758338677,558.5193016659996
50176,0.05515659600496292,0.1595703125,cpu,-0.3709988370537758,single_symbol_env_v1,,0.7051805257797241,psx-4a-126450ec6355,0.0003,51076,-0.02029929792624898,97,True,rl_recurrent_partition_v1,cpu,50000,98,budget-4092c2bc385c9825b486,105.24979050000002,42,completed,476.73254038448647,recurrent_budget_study_v1,GLAXO,False,2023-08-22,1703,2016-10-06,980,2025-02-12,40.77134986225895,True,0.19111137459579208,True,0.506959264053916,364,1.266520122712255,2023-08-23,completed,10,0.0021411105797596976,105.39740145800079
100352,0.02661161683499813,0.159765625,cpu,-0.38760037776082756,single_symbol_env_v1,,0.44157522916793823,psx-4a-126450ec6355,0.0003,51076,-0.015073353657498956,195,True,rl_recurrent_partition_v1,cpu,100000,196,budget-515c261bd1848808c426,215.90865424999993,42,completed,464.789150525679,recurrent_budget_study_v1,GLAXO,False,2023-08-22,1703,2016-10-06,1960,2025-02-12,46.83195592286501,True,0.17201269181263523,True,0.9343088811029407,364,1.8631908526565155,2023-08-23,completed,19,0.0002434613646073558,216.04880320899974
250368,0.04544950649142265,0.18203125,cpu,-0.44828071966767313,single_symbol_env_v1,,0.8800613284111023,psx-4a-126450ec6355,0.0003,51076,-0.029063586425036193,488,True,rl_recurrent_partition_v1,cpu,250000,489,budget-36431132fa9dd61d000c,550.4804104579998,42,completed,454.81727459055946,recurrent_budget_study_v1,GLAXO,False,2023-08-22,1703,2016-10-06,4890,2025-02-12,41.32231404958678,True,0.14677414054275584,True,0.481642954652701,364,1.3062888046046817,2023-08-23,completed,14,0.0004798405584097054,550.6307975000009
50176,0.018142834305763245,0.1181640625,cpu,-0.6226175602525472,single_symbol_env_v1,,0.705775797367096,psx-4a-126450ec6355,0.0003,51076,-0.019480807695072145,97,True,rl_recurrent_partition_v1,cpu,50000,98,budget-e948237840ece0f57add,107.20928062500025,123,completed,468.01918367036785,recurrent_budget_study_v1,GLAXO,False,2023-08-22,1703,2016-10-06,980,2025-02-12,11.019283746556475,True,0.07346451044764823,True,0.07080906371080564,364,0.604388758627383,2023-08-23,completed,6,0.0012790233358828118,107.35919354100042
100352,0.011881615966558456,0.0984375,cpu,-0.4891720075160265,single_symbol_env_v1,,0.7562881112098694,psx-4a-126450ec6355,0.0003,51076,-0.01254904933157377,195,True,rl_recurrent_partition_v1,cpu,100000,196,budget-cc7eb539b5048ee51fd6,217.29365150000012,123,completed,461.8266539646233,recurrent_budget_study_v1,GLAXO,False,2023-08-22,1703,2016-10-06,1960,2025-02-12,25.6198347107438,True,0.2042209775796373,True,0.11392236835084657,364,0.5223970122683909,2023-08-23,completed,24,0.0003987076507200982,217.4420552499996
250368,0.031658802181482315,0.155859375,cpu,-0.3518143504858017,single_symbol_env_v1,,0.9800173044204712,psx-4a-126450ec6355,0.0003,51076,-0.023109646094962955,488,True,rl_recurrent_partition_v1,cpu,250000,489,budget-a3a10a05ab871d6267f0,526.2938297920009,123,completed,475.71904861386867,recurrent_budget_study_v1,GLAXO,False,2023-08-22,1703,2016-10-06,4890,2025-02-12,28.650137741046834,True,0.20388565980820905,True,-0.05151694564720355,364,-0.13743974392790032,2023-08-23,completed,22,0.0001827945881359483,526.4451183750007
50176,0.019317835569381714,0.1412109375,cpu,-0.6422587100416421,single_symbol_env_v1,,0.5025488138198853,psx-4a-126450ec6355,0.0003,51076,-0.024316819006344303,97,True,rl_recurrent_partition_v1,cpu,50000,98,budget-5de4aeeafda51812bcd6,104.94817008399878,2026,completed,478.1026668672733,recurrent_budget_study_v1,GLAXO,False,2023-08-22,1703,2016-10-06,980,2025-02-12,13.223140495867769,True,0.07036656389373819,True,0.24510623578168556,364,1.1759393095811663,2023-08-23,completed,6,0.0016090889957922627,105.09062354200069
100352,0.03000103309750557,0.165234375,cpu,-0.45069498382508755,single_symbol_env_v1,,0.6990784406661987,psx-4a-126450ec6355,0.0003,51076,-0.014963981392793358,195,True,rl_recurrent_partition_v1,cpu,100000,196,budget-c31d52f278b5e80da8c8,211.75524816599864,2026,completed,473.90560975061317,recurrent_budget_study_v1,GLAXO,False,2023-08-22,1703,2016-10-06,1960,2025-02-12,36.36363636363637,True,0.17969896666191187,True,0.055548160514147016,364,0.294920247010736,2023-08-23,completed,22,0.00014918276710886857,211.99735574999977
250368,0.04947318881750107,0.1927734375,cpu,-0.4201975088566542,single_symbol_env_v1,,0.9624883532524109,psx-4a-126450ec6355,0.0003,51076,-0.012461347703356296,488,True,rl_recurrent_partition_v1,cpu,250000,489,budget-91a96037e9c5cc768a6e,534.469194583,2026,completed,468.4423396849662,recurrent_budget_study_v1,GLAXO,False,2023-08-22,1703,2016-10-06,4890,2025-02-12,20.110192837465565,True,0.0994766045499419,True,0.12748362054253648,364,0.7292621587197585,2023-08-23,completed,18,0.0003865379068884067,534.615754208
50176,0.02968784049153328,0.1494140625,cpu,-0.42167935110628607,single_symbol_env_v1,,0.9740666151046753,psx-4a-126450ec6355,0.0003,51076,-0.015813066333066672,97,True,rl_recurrent_partition_v1,cpu,50000,98,budget-cdc2dddb0713b15ba1af,117.11951445800014,42,completed,428.41707662640164,recurrent_budget_study_v1,LSEFSL,False,2025-12-29,341,2024-08-16,980,2026-04-15,77.77777777777779,True,0.49578100455053464,True,-0.36317733756842985,73,-2.106474557161866,2025-12-30,completed,11,0.005791564017636119,117.16633316700018
100352,0.08375945687294006,0.1232421875,cpu,-0.22480694726109504,single_symbol_env_v1,,0.9919070601463318,psx-4a-126450ec6355,0.0003,51076,-0.02197513331193477,195,True,rl_recurrent_partition_v1,cpu,100000,196,budget-7e3535bea261aa5685ab,228.96841591600014,42,completed,438.27878879511206,recurrent_budget_study_v1,LSEFSL,False,2025-12-29,341,2024-08-16,1960,2026-04-15,77.77777777777779,True,0.5696555362109398,True,-0.43966951204087457,73,-2.7537893151384663,2025-12-30,completed,13,0.0012189748162199977,229.0202187079999
250368,0.05850784108042717,0.1220703125,cpu,-0.1820163881406188,single_symbol_env_v1,,0.9978688359260559,psx-4a-126450ec6355,0.0003,51076,-0.02111985144438222,488,True,rl_recurrent_partition_v1,cpu,250000,489,budget-3c26876a0860348c019b,567.2305698750001,42,completed,441.38664821110274,recurrent_budget_study_v1,LSEFSL,False,2025-12-29,341,2024-08-16,4890,2026-04-15,54.166666666666664,True,0.2988064230313693,True,0.033374544526055816,73,0.5032683362669993,2025-12-30,completed,23,0.0010925588271675224,567.2815969159997
50176,0.03332602232694626,0.1408203125,cpu,-0.3103177944198251,single_symbol_env_v1,,0.9875652194023132,psx-4a-126450ec6355,0.0003,51076,-0.016839066753163934,97,True,rl_recurrent_partition_v1,cpu,50000,98,budget-63d0e4f31cc097e83c76,115.59601787500014,123,completed,434.0633952828536,recurrent_budget_study_v1,LSEFSL,False,2025-12-29,341,2024-08-16,980,2026-04-15,77.77777777777779,True,0.5862117865080947,True,-0.5644051450332597,73,-4.038687452460621,2025-12-30,completed,10,0.0022512275871122258,115.64246129100002
100352,0.03861458599567413,0.10703125,cpu,-0.1663871598429978,single_symbol_env_v1,,0.9964659214019775,psx-4a-126450ec6355,0.0003,51076,-0.012218976492295041,195,True,rl_recurrent_partition_v1,cpu,100000,196,budget-23a9ad39c1afdee578fb,233.21109770899966,123,completed,430.30542279432615,recurrent_budget_study_v1,LSEFSL,False,2025-12-29,341,2024-08-16,1960,2026-04-15,69.44444444444444,True,0.5026275963295799,True,-0.33090776080899953,73,-1.5949337601131992,2025-12-30,completed,17,0.0009708160566333391,233.26278354199985
250368,0.05648059770464897,0.1353515625,cpu,-0.18772327918559312,single_symbol_env_v1,,0.9785918593406677,psx-4a-126450ec6355,0.0003,51076,-0.01977753444807604,488,True,rl_recurrent_partition_v1,cpu,250000,489,budget-57b37118903a631696e6,561.6510080829999,123,completed,445.77147801184225,recurrent_budget_study_v1,LSEFSL,False,2025-12-29,341,2024-08-16,4890,2026-04-15,51.388888888888886,True,0.4692970873017247,True,-0.355785972421229,73,-1.7854992055074894,2025-12-30,completed,22,0.003809774972251034,561.7014920839997
50176,0.026624232530593872,0.1234375,cpu,-0.37057313453406093,single_symbol_env_v1,,0.9870005249977112,psx-4a-126450ec6355,0.0003,51076,-0.02159395645139739,97,True,rl_recurrent_partition_v1,cpu,50000,98,budget-72b159aedf62ed644886,111.55575895899983,2026,completed,449.78404044959456,recurrent_budget_study_v1,LSEFSL,False,2025-12-29,341,2024-08-16,980,2026-04-15,87.5,True,0.5378661023162656,True,-0.3914574047864695,73,-1.9979376220113245,2025-12-30,completed,11,0.0026552527633612044,111.60165937500005
100352,0.05603384971618652,0.1009765625,cpu,-0.2102401782758534,single_symbol_env_v1,,0.9941844344139099,psx-4a-126450ec6355,0.0003,51076,-0.014441703411284834,195,True,rl_recurrent_partition_v1,cpu,100000,196,budget-5e962190c6cfcb80aa78,222.00759150000067,2026,completed,452.02057876475675,recurrent_budget_study_v1,LSEFSL,False,2025-12-29,341,2024-08-16,1960,2026-04-15,88.88888888888889,True,0.5728170359719699,True,-0.44324889641844945,73,-2.4749083937897685,2025-12-30,completed,13,0.0019553591917429005,222.05369266700018
250368,0.06953153014183044,0.1259765625,cpu,-0.2128946472890675,single_symbol_env_v1,,0.9933281540870667,psx-4a-126450ec6355,0.0003,51076,-0.019982084340881556,488,True,rl_recurrent_partition_v1,cpu,250000,489,budget-1be84c4496f1b4005add,550.7011282080002,2026,completed,454.6349865211023,recurrent_budget_study_v1,LSEFSL,False,2025-12-29,341,2024-08-16,4890,2026-04-15,80.55555555555556,True,0.5611282067814187,True,-0.3798721348786046,73,-2.013950877009779,2025-12-30,completed,11,0.001441078020798159,550.7530417919997
50176,0.014275729656219482,0.1013671875,cpu,-0.3603499386459589,single_symbol_env_v1,,0.7579668760299683,psx-4a-126450ec6355,0.0003,51076,-0.01658396393759176,97,True,rl_recurrent_partition_v1,cpu,50000,98,budget-bdf8f4078bb20ccc0631,104.37426399998367,42,completed,480.73153358961986,recurrent_budget_study_v1,MARI,False,2023-08-23,1704,2016-10-06,980,2025-02-12,37.362637362637365,True,0.4214619756555408,True,0.26958333291139525,365,0.6555888606464427,2023-08-24,completed,5,0.0005931533862167271,104.518606208032
100352,0.016659505665302277,0.12734375,cpu,-0.4228568345308304,single_symbol_env_v1,,0.25316470861434937,psx-4a-126450ec6355,0.0003,51076,-0.02049634777358733,195,True,rl_recurrent_partition_v1,cpu,100000,196,budget-e4ec7f15eabb8f805111,218.213545333012,42,completed,459.87979273630566,recurrent_budget_study_v1,MARI,False,2023-08-23,1704,2016-10-06,1960,2025-02-12,42.30769230769231,True,0.42143390646546897,True,0.31408068756354024,365,0.7232634762344384,2023-08-24,completed,5,0.0002241683134343475,218.36088149994612
250368,0.03317362815141678,0.170703125,cpu,-0.3953904453665018,single_symbol_env_v1,,0.9505900740623474,psx-4a-126450ec6355,0.0003,51076,-0.02818988580838777,488,True,rl_recurrent_partition_v1,cpu,250000,489,budget-63fd7b160d64bd7ea1ba,534.5934825000586,42,completed,468.33343128153933,recurrent_budget_study_v1,MARI,False,2023-08-23,1704,2016-10-06,4890,2025-02-12,24.175824175824175,True,0.11835514052243234,True,0.1520381492641354,365,0.7062519427910438,2023-08-24,completed,22,0.00025132299192591744,534.7495133749908
50176,0.03956957906484604,0.175,cpu,-0.5336105868220329,single_symbol_env_v1,,0.6202303171157837,psx-4a-126450ec6355,0.0003,51076,-0.01872093366109766,97,True,rl_recurrent_partition_v1,cpu,50000,98,budget-784b6fb742503d0a7bb9,109.30730837502051,123,completed,459.0360950784009,recurrent_budget_study_v1,MARI,False,2023-08-23,1704,2016-10-06,980,2025-02-12,50.0,True,0.42149127888239835,True,1.0497925620849906,365,1.5355534386193388,2023-08-24,completed,17,0.000737666673012427,109.45692058303393
100352,0.03485223650932312,0.17734375,cpu,-0.4165693085640669,single_symbol_env_v1,,0.11161291599273682,psx-4a-126450ec6355,0.0003,51076,-0.02351039764471352,195,True,rl_recurrent_partition_v1,cpu,100000,196,budget-a89eca6e17bb2a04ec3d,211.68653766601346,123,completed,474.0594329070159,recurrent_budget_study_v1,MARI,False,2023-08-23,1704,2016-10-06,1960,2025-02-12,38.73626373626374,True,0.4214440559817376,True,0.4477117402599309,365,0.9116084592683871,2023-08-24,completed,11,0.00028410707873263166,211.8372035420034
250368,0.06691603362560272,0.200390625,cpu,-0.40081761255860326,single_symbol_env_v1,,0.9775513410568237,psx-4a-126450ec6355,0.0003,51076,-0.030498175509274007,488,True,rl_recurrent_partition_v1,cpu,250000,489,budget-528dc880c9629dcca9b7,526.4016880829586,123,completed,475.6215750595069,recurrent_budget_study_v1,MARI,False,2023-08-23,1704,2016-10-06,4890,2025-02-12,21.153846153846153,True,0.11835970929831208,True,0.08318538485904137,365,0.4335405323184694,2023-08-24,completed,18,0.00021809933796248515,526.5551565419883
50176,0.03948161005973816,0.174609375,cpu,-0.5236957440152764,single_symbol_env_v1,,0.5018434524536133,psx-4a-126450ec6355,0.0003,51076,-0.021593447035411373,97,True,rl_recurrent_partition_v1,cpu,50000,98,budget-89efa61c1901ccd27166,109.58489841700066,2026,completed,457.87330850156496,recurrent_budget_study_v1,MARI,False,2023-08-23,1704,2016-10-06,980,2025-02-12,15.384615384615385,True,0.1822153014457336,True,-0.13731944779760963,365,-0.710361607036224,2023-08-24,completed,8,0.0007716306117799832,109.73656108404975
100352,0.05456444248557091,0.1900390625,cpu,-0.38511091861873864,single_symbol_env_v1,,0.13450664281845093,psx-4a-126450ec6355,0.0003,51076,-0.02363275121897459,195,True,rl_recurrent_partition_v1,cpu,100000,196,budget-cb3f66688f705d267d74,217.18453424994368,2026,completed,462.0586836285099,recurrent_budget_study_v1,MARI,False,2023-08-23,1704,2016-10-06,1960,2025-02-12,24.45054945054945,True,0.13402993482490955,True,0.027614964334049974,365,0.19895494610258146,2023-08-24,completed,12,0.0006976470713198069,217.33392074995209
250368,0.04477706179022789,0.1873046875,cpu,-0.46701422333717346,single_symbol_env_v1,,0.9610161185264587,psx-4a-126450ec6355,0.0003,51076,-0.025597143860068172,488,True,rl_recurrent_partition_v1,cpu,250000,489,budget-b0014620d4bba8333192,523.48128812504,2026,completed,478.2749750172474,recurrent_budget_study_v1,MARI,False,2023-08-23,1704,2016-10-06,4890,2025-02-12,27.747252747252748,True,0.1898249540619965,True,0.47638997630478075,365,1.093943680864292,2023-08-24,completed,14,0.0002330384273591335,523.6321449590614
50176,0.023068983107805252,0.1455078125,cpu,-0.5765013463795186,single_symbol_env_v1,,0.7341694831848145,psx-4a-126450ec6355,0.0003,51076,-0.0176576922647655,97,True,rl_recurrent_partition_v1,cpu,50000,98,budget-f919f8081fef26a38886,107.52474041699952,42,completed,466.6460928471792,recurrent_budget_study_v1,WAVES,False,2023-10-09,1628,2017-03-10,980,2025-03-06,0.0,True,0.0,True,0.0,349,,2023-10-10,completed,0,0.001071553788642632,107.66314254200006
100352,0.04084251821041107,0.1548828125,cpu,-0.49034782461822035,single_symbol_env_v1,,0.42530202865600586,psx-4a-126450ec6355,0.0003,51076,-0.01652776135597378,195,True,rl_recurrent_partition_v1,cpu,100000,196,budget-5776391e90ae87adc361,213.0393448750001,42,completed,471.0491391103418,recurrent_budget_study_v1,WAVES,False,2023-10-09,1628,2017-03-10,1960,2025-03-06,62.643678160919535,True,0.26096204829958225,True,0.11392245576252069,349,0.40894426827152647,2023-10-10,completed,18,0.000999850263224289,213.1778671659995
250368,0.05324147641658783,0.1923828125,cpu,-0.41545844413340094,single_symbol_env_v1,,0.9054722785949707,psx-4a-126450ec6355,0.0003,51076,-0.022526890365406872,488,True,rl_recurrent_partition_v1,cpu,250000,489,budget-9377137989620f8aba03,528.2552302499998,42,completed,473.95271388323386,recurrent_budget_study_v1,WAVES,False,2023-10-09,1628,2017-03-10,4890,2025-03-06,0.0,True,0.0,True,0.0,349,,2023-10-10,completed,0,0.0009580653850207455,528.4054241670001
50176,0.0678144246339798,0.1392578125,cpu,-0.3170862212777138,single_symbol_env_v1,,0.35577887296676636,psx-4a-126450ec6355,0.0003,51076,-0.022390968888066708,97,True,rl_recurrent_partition_v1,cpu,50000,98,budget-19664f2d65f4ba2b8afc,107.52502304200061,123,completed,466.644866287549,recurrent_budget_study_v1,WAVES,False,2023-10-09,1628,2017-03-10,980,2025-03-06,12.068965517241379,True,0.11315737373211854,True,0.12729954756940542,349,0.7466577940552941,2023-10-10,completed,4,0.0013856686899089254,107.67072604100031
100352,0.04880797863006592,0.1591796875,cpu,-0.3799957660958171,single_symbol_env_v1,,0.6436762809753418,psx-4a-126450ec6355,0.0003,51076,-0.024147037719376385,195,True,rl_recurrent_partition_v1,cpu,100000,196,budget-7eb5adda6e1dfad03fb7,220.53532974999962,123,completed,455.03820233138936,recurrent_budget_study_v1,WAVES,False,2023-10-09,1628,2017-03-10,1960,2025-03-06,8.908045977011495,True,0.11315765060205651,True,-0.03473032091123984,349,-0.21187088913601132,2023-10-10,completed,2,0.0017784666102670598,220.68013841599986
250368,0.15053680539131165,0.205078125,cpu,-0.3018827771767974,single_symbol_env_v1,,0.9239481687545776,psx-4a-126450ec6355,0.0003,51076,-0.02489416275639087,488,True,rl_recurrent_partition_v1,cpu,250000,489,budget-5327bdd739fcf8117e1c,530.6340580410006,123,completed,471.82798805698746,recurrent_budget_study_v1,WAVES,False,2023-10-09,1628,2017-03-10,4890,2025-03-06,12.068965517241379,True,0.1381905412922907,True,-0.02496950386352892,349,-0.113460867240654,2023-10-10,completed,18,0.0008335325243024272,530.7945349170004
50176,0.016834521666169167,0.1353515625,cpu,-0.5570125315338373,single_symbol_env_v1,,0.7278907895088196,psx-4a-126450ec6355,0.0003,51076,-0.015998929808847605,97,True,rl_recurrent_partition_v1,cpu,50000,98,budget-740d90ad6521009a0480,110.19569425000009,2026,completed,455.3353952847387,recurrent_budget_study_v1,WAVES,False,2023-10-09,1628,2017-03-10,980,2025-03-06,11.206896551724139,True,0.15749933058831278,True,-0.032980462514999864,349,-0.14624734996837283,2023-10-10,completed,2,0.0010844029378858978,110.34461341600036
100352,0.04891703277826309,0.1892578125,cpu,-0.47344816140830515,single_symbol_env_v1,,0.6711052656173706,psx-4a-126450ec6355,0.0003,51076,-0.02221395476371981,195,True,rl_recurrent_partition_v1,cpu,100000,196,budget-5d9abdc2c5aebfb22db1,212.82815966599992,2026,completed,471.51655193319607,recurrent_budget_study_v1,WAVES,False,2023-10-09,1628,2017-03-10,1960,2025-03-06,0.0,True,0.0,True,0.0,349,,2023-10-10,completed,0,0.001114114221491036,212.98311462500078
250368,0.062065549194812775,0.1763671875,cpu,-0.38404095694422724,single_symbol_env_v1,,0.9137678146362305,psx-4a-126450ec6355,0.0003,51076,-0.022265740518923847,488,True,rl_recurrent_partition_v1,cpu,250000,489,budget-af319179199de7b8059d,539.8110076249995,2026,completed,463.8067702649142,recurrent_budget_study_v1,WAVES,False,2023-10-09,1628,2017-03-10,4890,2025-03-06,0.28735632183908044,True,0.0,True,0.011749706208675104,349,1.2017841530594406,2023-10-10,completed,2,0.0009559690406604204,539.956761333
