symbol,train_rows,train_start,train_end,median_volume,average_volume,zero_volume_ratio,zero_ohl_ratio,non_positive_close_rows,validation_available,recurrent_contract_version,feature_version,environment_version,active_span_coverage
786,1152,2018-11-15,2024-08-07,28000.0,145603.07986111112,0.0,0.0,0,True,rl_recurrent_partition_v1,psx-4a-126450ec6355,single_symbol_env_v1,0.8141342756183746
AABS,1317,2017-01-16,2024-04-22,700.0,4833.777524677297,0.0,0.0,0,True,rl_recurrent_partition_v1,psx-4a-126450ec6355,single_symbol_env_v1,0.7320733740967204
AATM,343,2024-08-15,2025-12-29,4317.0,16807.874635568514,0.0,0.0,0,True,rl_recurrent_partition_v1,psx-4a-126450ec6355,single_symbol_env_v1,0.9942028985507246
ABL,1660,2016-10-06,2023-09-05,34450.0,134318.61445783134,0.0,0.0,0,True,rl_recurrent_partition_v1,psx-4a-126450ec6355,single_symbol_env_v1,0.9690601284296556
ABOT,1656,2016-10-14,2023-09-19,6050.0,24827.475845410627,0.0,0.0,0,True,rl_recurrent_partition_v1,psx-4a-126450ec6355,single_symbol_env_v1,0.9633507853403142
ACPL,1690,2016-10-06,2023-08-31,27850.0,71806.72485207101,0.0,0.0,0,True,rl_recurrent_partition_v1,psx-4a-126450ec6355,single_symbol_env_v1,0.9883040935672515
ADAMS,1404,2016-10-06,2024-01-29,6000.0,25394.23076923077,0.0,0.0,0,True,rl_recurrent_partition_v1,psx-4a-126450ec6355,single_symbol_env_v1,0.7739801543550165
ADMM,1305,2016-10-17,2024-05-02,7000.0,21941.379310344826,0.0,0.0,0,True,rl_recurrent_partition_v1,psx-4a-126450ec6355,single_symbol_env_v1,0.6978609625668449
AGHA,963,2021-01-11,2024-12-04,596000.0,1380249.570093458,0.0,0.0,0,True,rl_recurrent_partition_v1,psx-4a-126450ec6355,single_symbol_env_v1,1.0
AGIC,1422,2016-10-06,2024-01-11,6000.0,18026.371308016878,0.0,0.0,0,True,rl_recurrent_partition_v1,psx-4a-126450ec6355,single_symbol_env_v1,0.7891231964483907
AGIL,1472,2016-10-06,2023-11-28,4000.0,17641.508152173912,0.0,0.0,0,True,rl_recurrent_partition_v1,psx-4a-126450ec6355,single_symbol_env_v1,0.8311688311688312
AGL,1703,2016-10-06,2023-08-24,516500.0,1441463.0064591896,0.0,0.0,0,True,rl_recurrent_partition_v1,psx-4a-126450ec6355,single_symbol_env_v1,0.9988269794721407
AGP,1421,2018-05-15,2024-02-15,86106.0,272549.85080928926,0.0,0.0,0,True,rl_recurrent_partition_v1,psx-4a-126450ec6355,single_symbol_env_v1,0.9978932584269663
AGSML,1337,2016-10-14,2024-04-01,35000.0,169612.93941660435,0.0,0.0,0,True,rl_recurrent_partition_v1,psx-4a-126450ec6355,single_symbol_env_v1,0.7215326497571506
AGTL,1682,2016-10-06,2023-08-30,3600.0,14174.435196195005,0.0,0.0,0,True,rl_recurrent_partition_v1,psx-4a-126450ec6355,single_symbol_env_v1,0.9842012873025161
AHCL,1586,2016-10-06,2023-10-30,17000.0,102799.49558638083,0.0,0.0,0,True,rl_recurrent_partition_v1,psx-4a-126450ec6355,single_symbol_env_v1,0.9057681324957167
AHL,1690,2016-10-06,2023-08-31,36500.0,95225.14792899408,0.0,0.0,0,True,rl_recurrent_partition_v1,psx-4a-126450ec6355,single_symbol_env_v1,0.9883040935672515
AHTM,254,2020-08-07,2026-02-13,277.5,1163.9881889763778,0.0,0.0,0,True,rl_recurrent_partition_v1,psx-4a-126450ec6355,single_symbol_env_v1,0.1854014598540146
AICL,1682,2016-10-06,2023-09-04,134000.0,364798.4542211653,0.0,0.0,0,True,rl_recurrent_partition_v1,psx-4a-126450ec6355,single_symbol_env_v1,0.9824766355140186
AIRLINK,810,2021-12-01,2025-03-10,1414780.0,3584335.598765432,0.0,0.0,0,True,rl_recurrent_partition_v1,psx-4a-126450ec6355,single_symbol_env_v1,0.998766954377312
AKBL,1703,2016-10-06,2023-08-23,259500.0,757382.5601879037,0.0,0.0,0,True,rl_recurrent_partition_v1,psx-4a-126450ec6355,single_symbol_env_v1,0.9994131455399061
AKDHL,709,2021-10-07,2025-04-21,800.0,2595.366713681241,0.0,0.0,0,True,rl_recurrent_partition_v1,psx-4a-126450ec6355,single_symbol_env_v1,0.8102857142857143
AKDSL,1076,2017-03-15,2024-09-27,2500.0,117522.94330855018,0.0,0.0,0,True,rl_recurrent_partition_v1,psx-4a-126450ec6355,single_symbol_env_v1,0.5778732545649838
AKGL,528,2016-12-30,2025-05-26,1000.0,4301.795454545455,0.0,0.0,0,True,rl_recurrent_partition_v1,psx-4a-126450ec6355,single_symbol_env_v1,0.25396825396825395
ALAC,1006,2018-11-29,2024-10-17,6500.0,28638.129224652086,0.0,0.0,0,True,rl_recurrent_partition_v1,psx-4a-126450ec6355,single_symbol_env_v1,0.6914089347079038
ALIFE,626,2022-05-20,2025-06-26,10000.0,51455.7124600639,0.0,0.0,0,True,rl_recurrent_partition_v1,psx-4a-126450ec6355,single_symbol_env_v1,0.8183006535947712
ALNRS,947,2016-10-07,2024-11-28,2000.0,8919.432946145724,0.0,0.0,0,True,rl_recurrent_partition_v1,psx-4a-126450ec6355,single_symbol_env_v1,0.4697420634920635
ALTN,1333,2016-10-14,2024-04-15,7500.0,76081.02025506376,0.0,0.0,0,True,rl_recurrent_partition_v1,psx-4a-126450ec6355,single_symbol_env_v1,0.7170521785906401
AMBL,739,2017-01-31,2025-02-24,1500.0,9877.4100135318,0.0,0.0,0,True,rl_recurrent_partition_v1,psx-4a-126450ec6355,single_symbol_env_v1,0.3700550826239359
AMTEX,967,2016-10-06,2024-12-03,201500.0,864508.8014477766,0.0,0.0,0,True,rl_recurrent_partition_v1,psx-4a-126450ec6355,single_symbol_env_v1,0.4787128712871287
ANL,1704,2016-10-06,2023-08-23,1715000.0,4407511.639084507,0.0,0.0,0,True,rl_recurrent_partition_v1,psx-4a-126450ec6355,single_symbol_env_v1,1.0
ANSM,668,2016-10-19,2019-11-20,13500.0,40432.63473053892,0.0,0.0,0,True,rl_recurrent_partition_v1,psx-4a-126450ec6355,single_symbol_env_v1,0.8720626631853786
ANTM,428,2021-02-03,2025-10-24,1822.5,9810.31308411215,0.0,0.0,0,True,rl_recurrent_partition_v1,psx-4a-126450ec6355,single_symbol_env_v1,0.3667523564695801
APL,1701,2016-10-06,2023-08-24,22700.0,49571.495002939446,0.0,0.0,0,True,rl_recurrent_partition_v1,psx-4a-126450ec6355,single_symbol_env_v1,0.9976539589442815
ARCTM,763,2019-11-20,2025-04-04,3956.0,18100.558322411533,0.0,0.0,0,True,rl_recurrent_partition_v1,psx-4a-126450ec6355,single_symbol_env_v1,0.5736842105263158
ARPAK,377,2018-12-19,2025-10-16,500.0,1811.737400530504,0.0,0.0,0,True,rl_recurrent_partition_v1,psx-4a-126450ec6355,single_symbol_env_v1,0.2230769230769231
ARPL,1631,2016-10-06,2023-09-26,2600.0,8479.858982219497,0.0,0.0,0,True,rl_recurrent_partition_v1,psx-4a-126450ec6355,single_symbol_env_v1,0.9438657407407407
ARUJ,754,2016-10-14,2025-04-17,3979.0,23883.62466843501,0.0,0.0,0,True,rl_recurrent_partition_v1,psx-4a-126450ec6355,single_symbol_env_v1,0.3578547698149027
ASC,1704,2016-10-06,2023-08-23,438000.0,1313970.661971831,0.0,0.0,0,True,rl_recurrent_partition_v1,psx-4a-126450ec6355,single_symbol_env_v1,1.0
ASHT,683,2017-01-13,2025-05-16,1500.0,5496.607613469985,0.0,0.0,0,True,rl_recurrent_partition_v1,psx-4a-126450ec6355,single_symbol_env_v1,0.33107125545322347
ASL,1704,2016-10-06,2023-08-23,1876072.0,4192189.062206573,0.0,0.0,0,True,rl_recurrent_partition_v1,psx-4a-126450ec6355,single_symbol_env_v1,1.0
ASTL,1704,2016-10-06,2023-08-23,522250.0,1079339.2177230048,0.0,0.0,0,True,rl_recurrent_partition_v1,psx-4a-126450ec6355,single_symbol_env_v1,1.0
ASTM,1341,2016-11-08,2024-03-28,6500.0,26168.90380313199,0.0,0.0,0,True,rl_recurrent_partition_v1,psx-4a-126450ec6355,single_symbol_env_v1,0.7311886586695747
ATBA,1652,2016-10-06,2023-09-25,8400.0,21550.393462469732,0.0,0.0,0,True,rl_recurrent_partition_v1,psx-4a-126450ec6355,single_symbol_env_v1,0.9565720903300521
ATIL,1316,2016-11-03,2024-04-16,4500.0,11234.802431610942,0.0,0.0,0,True,rl_recurrent_partition_v1,psx-4a-126450ec6355,single_symbol_env_v1,0.7128927410617552
ATLH,1467,2016-10-06,2024-01-04,1150.0,3590.38854805726,0.0,0.0,0,True,rl_recurrent_partition_v1,psx-4a-126450ec6355,single_symbol_env_v1,0.8163606010016694
ATRL,1704,2016-10-06,2023-08-23,1052007.0,1592982.2159624414,0.0,0.0,0,True,rl_recurrent_partition_v1,psx-4a-126450ec6355,single_symbol_env_v1,1.0
AVN,1704,2016-10-06,2023-08-23,900298.5,1741567.0082159624,0.0,0.0,0,True,rl_recurrent_partition_v1,psx-4a-126450ec6355,single_symbol_env_v1,1.0
BAFL,1703,2016-10-06,2023-08-23,810799.0,1746107.4280681151,0.0,0.0,0,True,rl_recurrent_partition_v1,psx-4a-126450ec6355,single_symbol_env_v1,0.9994131455399061
BAFS,279,2020-05-19,2026-01-21,500.0,1906.942652329749,0.0,0.0,0,True,rl_recurrent_partition_v1,psx-4a-126450ec6355,single_symbol_env_v1,0.19829424307036247
BAHL,1704,2016-10-06,2023-08-23,269931.5,524473.7118544601,0.0,0.0,0,True,rl_recurrent_partition_v1,psx-4a-126450ec6355,single_symbol_env_v1,1.0
BAPL,1325,2016-10-14,2024-04-17,10000.0,26949.811320754718,0.0,0.0,0,True,rl_recurrent_partition_v1,psx-4a-126450ec6355,single_symbol_env_v1,0.7119828049435787
BATA,1318,2016-12-30,2024-04-23,200.0,1131.5136570561456,0.0,0.0,0,True,rl_recurrent_partition_v1,psx-4a-126450ec6355,single_symbol_env_v1,0.7277747101049145
BBFL,315,2024-10-15,2026-01-14,1773908.0,2887826.6,0.0,0.0,0,True,rl_recurrent_partition_v1,psx-4a-126450ec6355,single_symbol_env_v1,1.0
BCL,1607,2016-10-17,2023-10-19,10500.0,32857.747355320476,0.0,0.0,0,True,rl_recurrent_partition_v1,psx-4a-126450ec6355,single_symbol_env_v1,0.9240943070730305
BECO,814,2021-10-14,2025-03-07,31250.0,98720.1547911548,0.0,0.0,0,True,rl_recurrent_partition_v1,psx-4a-126450ec6355,single_symbol_env_v1,0.9655990510083037
BELA,384,2024-03-21,2025-12-03,1282.0,3300.6328125,0.0,0.0,0,True,rl_recurrent_partition_v1,psx-4a-126450ec6355,single_symbol_env_v1,0.9121140142517815
BERG,1551,2016-10-06,2023-11-23,12000.0,48400.38684719536,0.0,0.0,0,True,rl_recurrent_partition_v1,psx-4a-126450ec6355,single_symbol_env_v1,0.877262443438914
BFAGRO,210,2025-05-22,2026-03-19,868486.5,1933816.919047619,0.0,0.0,0,True,rl_recurrent_partition_v1,psx-4a-126450ec6355,single_symbol_env_v1,1.0
BFBIO,278,2024-12-30,2026-02-06,597509.0,1001623.8741007195,0.0,0.0,0,True,rl_recurrent_partition_v1,psx-4a-126450ec6355,single_symbol_env_v1,1.0
BGL,1704,2016-10-06,2023-08-23,345250.0,865786.3849765258,0.0,0.0,0,True,rl_recurrent_partition_v1,psx-4a-126450ec6355,single_symbol_env_v1,1.0
BHAT,569,2017-05-22,2025-06-11,79.0,217.3919156414763,0.0,0.0,0,True,rl_recurrent_partition_v1,psx-4a-126450ec6355,single_symbol_env_v1,0.2860734037204625
BIFO,1654,2016-10-06,2023-09-20,7150.0,16698.488512696495,0.0,0.0,0,True,rl_recurrent_partition_v1,psx-4a-126450ec6355,single_symbol_env_v1,0.9593967517401392
BIPL,1649,2016-10-07,2023-09-25,159702.0,1020832.3183747726,0.0,0.0,0,True,rl_recurrent_partition_v1,psx-4a-126450ec6355,single_symbol_env_v1,0.955388180764774
BML,1703,2016-10-06,2023-08-24,409000.0,1451268.6435701703,0.0,0.0,0,True,rl_recurrent_partition_v1,psx-4a-126450ec6355,single_symbol_env_v1,0.9988269794721407
BNL,954,2020-12-03,2024-12-11,57840.5,196380.07127882598,0.0,0.0,0,True,rl_recurrent_partition_v1,psx-4a-126450ec6355,single_symbol_env_v1,0.959758551307847
BNWM,1390,2016-10-06,2024-02-27,6500.0,19388.489208633095,0.0,0.0,0,True,rl_recurrent_partition_v1,psx-4a-126450ec6355,single_symbol_env_v1,0.7583196944899072
BOK,1484,2016-10-06,2023-12-05,4500.0,11591.644204851753,0.0,0.0,0,True,rl_recurrent_partition_v1,psx-4a-126450ec6355,single_symbol_env_v1,0.8355855855855856
BOP,1704,2016-10-06,2023-08-23,3994250.0,7952539.906103286,0.0,0.0,0,True,rl_recurrent_partition_v1,psx-4a-126450ec6355,single_symbol_env_v1,1.0
BPL,1313,2016-10-07,2024-03-25,4500.0,12087.585681645087,0.0,0.0,0,True,rl_recurrent_partition_v1,psx-4a-126450ec6355,single_symbol_env_v1,0.7093462992976769
BRRG,448,2023-11-06,2025-10-27,8432.5,39750.77232142857,0.0,0.0,0,True,rl_recurrent_partition_v1,psx-4a-126450ec6355,single_symbol_env_v1,0.9180327868852459
BTL,837,2017-03-02,2024-12-16,200.0,1083.137395459976,0.0,0.0,0,True,rl_recurrent_partition_v1,psx-4a-126450ec6355,single_symbol_env_v1,0.4343539180072652
BUXL,1307,2016-10-18,2024-04-25,4000.0,12022.55547054323,0.0,0.0,0,True,rl_recurrent_partition_v1,psx-4a-126450ec6355,single_symbol_env_v1,0.7008042895442359
BWCL,1693,2016-10-10,2023-08-28,9000.0,28141.87832250443,0.0,0.0,0,True,rl_recurrent_partition_v1,psx-4a-126450ec6355,single_symbol_env_v1,0.9929618768328445
BWHL,1185,2016-11-15,2024-07-23,1500.0,6317.141772151898,0.0,0.0,0,True,rl_recurrent_partition_v1,psx-4a-126450ec6355,single_symbol_env_v1,0.6233561283534982
CCM,544,2017-10-12,2025-08-13,1500.0,8636.810661764706,0.0,0.0,0,True,rl_recurrent_partition_v1,psx-4a-126450ec6355,single_symbol_env_v1,0.2807017543859649
CENI,1026,2016-10-20,2024-10-15,3000.0,9407.807017543859,0.0,0.0,0,True,rl_recurrent_partition_v1,psx-4a-126450ec6355,single_symbol_env_v1,0.5189681335356601
CEPB,1694,2016-10-06,2023-08-30,75000.0,181016.58795749705,0.0,0.0,0,True,rl_recurrent_partition_v1,psx-4a-126450ec6355,single_symbol_env_v1,0.9912229373902867
CFL,375,2017-08-18,2025-10-02,1000.0,4225.493333333333,0.0,0.0,0,True,rl_recurrent_partition_v1,psx-4a-126450ec6355,single_symbol_env_v1,0.1865671641791045
CHAS,1262,2016-10-07,2024-04-23,6500.0,17656.814580031696,0.0,0.0,0,True,rl_recurrent_partition_v1,psx-4a-126450ec6355,single_symbol_env_v1,0.6755888650963597
CHBL,590,2016-10-06,2025-07-31,248325.0,676979.513559322,0.0,0.0,0,True,rl_recurrent_partition_v1,psx-4a-126450ec6355,single_symbol_env_v1,0.27039413382218147
CHCC,1704,2016-10-06,2023-08-23,408100.0,705155.8996478873,0.0,0.0,0,True,rl_recurrent_partition_v1,psx-4a-126450ec6355,single_symbol_env_v1,1.0
CJPL,536,2016-10-14,2025-09-03,53005.0,305969.67910447763,0.0,0.0,0,True,rl_recurrent_partition_v1,psx-4a-126450ec6355,single_symbol_env_v1,0.24352567014993184
CLOV,1694,2016-10-06,2023-08-30,28000.0,73724.91145218418,0.0,0.0,0,True,rl_recurrent_partition_v1,psx-4a-126450ec6355,single_symbol_env_v1,0.9912229373902867
CLVL,779,2021-11-17,2025-03-27,9500.0,37718.19640564827,0.0,0.0,0,True,rl_recurrent_partition_v1,psx-4a-126450ec6355,single_symbol_env_v1,0.934052757793765
CNERGY,1704,2016-10-06,2023-08-23,2877503.5,7719980.6842723,0.0,0.0,0,True,rl_recurrent_partition_v1,psx-4a-126450ec6355,single_symbol_env_v1,1.0
COLG,1344,2016-10-18,2024-04-02,200.0,1452.6934523809523,0.0,0.0,0,True,rl_recurrent_partition_v1,psx-4a-126450ec6355,single_symbol_env_v1,0.7257019438444925
CPHL,844,2021-09-23,2025-02-17,799000.0,2063931.277251185,0.0,0.0,0,True,rl_recurrent_partition_v1,psx-4a-126450ec6355,single_symbol_env_v1,1.0
CPPL,1682,2016-10-10,2023-08-24,16300.0,53592.80618311534,0.0,0.0,0,True,rl_recurrent_partition_v1,psx-4a-126450ec6355,single_symbol_env_v1,0.9876688197298884
CRTM,1668,2016-10-06,2023-09-06,66000.0,302292.2661870504,0.0,0.0,0,True,rl_recurrent_partition_v1,psx-4a-126450ec6355,single_symbol_env_v1,0.9731621936989499
CSAP,1696,2016-10-06,2023-08-29,75750.0,198291.62735849057,0.0,0.0,0,True,rl_recurrent_partition_v1,psx-4a-126450ec6355,single_symbol_env_v1,0.9929742388758782
CSIL,1701,2016-10-06,2023-08-24,198500.0,490007.9365079365,0.0,0.0,0,True,rl_recurrent_partition_v1,psx-4a-126450ec6355,single_symbol_env_v1,0.9976539589442815
CTM,1670,2016-10-06,2023-09-05,51500.0,261365.26946107784,0.0,0.0,0,True,rl_recurrent_partition_v1,psx-4a-126450ec6355,single_symbol_env_v1,0.9748978400467017
DAAG,1224,2016-10-13,2024-06-26,2500.0,5862.898692810458,0.0,0.0,0,True,rl_recurrent_partition_v1,psx-4a-126450ec6355,single_symbol_env_v1,0.6418458311484007
DADX,833,2016-11-09,2025-02-18,2500.0,9796.732292917166,0.0,0.0,0,True,rl_recurrent_partition_v1,psx-4a-126450ec6355,single_symbol_env_v1,0.4061433447098976
DBCI,343,2024-08-19,2025-12-29,142301.0,433926.387755102,0.0,0.0,0,True,rl_recurrent_partition_v1,psx-4a-126450ec6355,single_symbol_env_v1,1.0
DCL,1704,2016-10-06,2023-08-23,1238000.0,2495809.8591549294,0.0,0.0,0,True,rl_recurrent_partition_v1,psx-4a-126450ec6355,single_symbol_env_v1,1.0
DEL,1410,2016-10-17,2024-02-02,11500.0,105498.93617021276,0.0,0.0,0,True,rl_recurrent_partition_v1,psx-4a-126450ec6355,single_symbol_env_v1,0.7777164920022063
DFML,1704,2016-10-06,2023-08-23,627000.0,1739085.0733568075,0.0,0.0,0,True,rl_recurrent_partition_v1,psx-4a-126450ec6355,single_symbol_env_v1,1.0
DFSM,1696,2016-10-07,2023-08-28,84000.0,371541.27358490566,0.0,0.0,0,True,rl_recurrent_partition_v1,psx-4a-126450ec6355,single_symbol_env_v1,0.9941383352872216
DGKC,1704,2016-10-06,2023-08-23,2170452.0,2939479.1203051643,0.0,0.0,0,True,rl_recurrent_partition_v1,psx-4a-126450ec6355,single_symbol_env_v1,1.0
DIIL,322,2016-12-23,2026-01-06,534.0,1308.9006211180124,0.0,0.0,0,True,rl_recurrent_partition_v1,psx-4a-126450ec6355,single_symbol_env_v1,0.14375
DINT,537,2017-04-14,2025-08-08,1000.0,2837.5158286778396,0.0,0.0,0,True,rl_recurrent_partition_v1,psx-4a-126450ec6355,single_symbol_env_v1,0.2611867704280156
DLL,1109,2016-10-10,2024-08-22,1000.0,6049.858431018936,0.0,0.0,0,True,rl_recurrent_partition_v1,psx-4a-126450ec6355,single_symbol_env_v1,0.5698869475847893
DMC,249,2017-09-05,2026-02-17,500.0,2663.1967871485945,0.0,0.0,0,True,rl_recurrent_partition_v1,psx-4a-126450ec6355,single_symbol_env_v1,0.11879770992366412
DNCC,1227,2016-10-27,2024-05-29,5000.0,24577.497962510188,0.0,0.0,0,True,rl_recurrent_partition_v1,psx-4a-126450ec6355,single_symbol_env_v1,0.6526595744680851
DOL,1704,2016-10-06,2023-08-23,606250.0,1135455.692488263,0.0,0.0,0,True,rl_recurrent_partition_v1,psx-4a-126450ec6355,single_symbol_env_v1,1.0
DSIL,1697,2016-10-06,2023-08-23,177000.0,548781.9681791397,0.0,0.0,0,True,rl_recurrent_partition_v1,psx-4a-126450ec6355,single_symbol_env_v1,0.9958920187793427
DSL,1704,2016-10-06,2023-08-23,1019250.0,2966670.4812206575,0.0,0.0,0,True,rl_recurrent_partition_v1,psx-4a-126450ec6355,single_symbol_env_v1,1.0
DWAE,343,2024-08-19,2025-12-29,13769.0,29160.198250728863,0.0,0.0,0,True,rl_recurrent_partition_v1,psx-4a-126450ec6355,single_symbol_env_v1,1.0
DWSM,1543,2016-10-07,2023-11-23,19000.0,100181.78872326636,0.0,0.0,0,True,rl_recurrent_partition_v1,psx-4a-126450ec6355,single_symbol_env_v1,0.8732314657611772
DWTM,762,2016-10-17,2025-04-07,2500.0,10153.351706036745,0.0,0.0,0,True,rl_recurrent_partition_v1,psx-4a-126450ec6355,single_symbol_env_v1,0.36320305052430885
DYNO,1563,2016-10-13,2023-11-17,8000.0,27324.568138195777,0.0,0.0,0,True,rl_recurrent_partition_v1,psx-4a-126450ec6355,single_symbol_env_v1,0.8875638841567292
ECOP,1601,2016-10-06,2023-08-29,28000.0,222862.5858838226,0.0,0.0,0,True,rl_recurrent_partition_v1,psx-4a-126450ec6355,single_symbol_env_v1,0.9373536299765808
EFERT,1704,2016-10-06,2023-08-23,1390158.0,2033419.6754694835,0.0,0.0,0,True,rl_recurrent_partition_v1,psx-4a-126450ec6355,single_symbol_env_v1,1.0
EFUG,1310,2016-10-06,2024-04-09,2550.0,20122.824427480915,0.0,0.0,0,True,rl_recurrent_partition_v1,psx-4a-126450ec6355,single_symbol_env_v1,0.7035445757250268
EFUL,1267,2016-10-17,2024-04-19,2200.0,9311.523283346487,0.0,0.0,0,True,rl_recurrent_partition_v1,psx-4a-126450ec6355,single_symbol_env_v1,0.6804511278195489
ELCM,363,2018-03-26,2025-12-05,470.0,831.1349862258953,0.0,0.0,0,True,rl_recurrent_partition_v1,psx-4a-126450ec6355,single_symbol_env_v1,0.19045120671563484
ELSM,649,2017-02-02,2025-02-24,500.0,1142.9368258859784,0.0,0.0,0,True,rl_recurrent_partition_v1,psx-4a-126450ec6355,single_symbol_env_v1,0.32531328320802005
EMCO,1212,2016-10-17,2024-04-08,4000.0,20347.772277227723,0.0,0.0,0,True,rl_recurrent_partition_v1,psx-4a-126450ec6355,single_symbol_env_v1,0.6530172413793104
ENGROH,1690,2016-10-06,2023-08-31,25350.0,85755.5224852071,0.0,0.0,0,True,rl_recurrent_partition_v1,psx-4a-126450ec6355,single_symbol_env_v1,0.9883040935672515
EPCL,1704,2016-10-06,2023-08-23,2358250.0,4052613.200117371,0.0,0.0,0,True,rl_recurrent_partition_v1,psx-4a-126450ec6355,single_symbol_env_v1,1.0
EPQL,1701,2016-10-06,2023-08-25,89000.0,204230.15873015873,0.0,0.0,0,True,rl_recurrent_partition_v1,psx-4a-126450ec6355,single_symbol_env_v1,0.9970691676436108
ESBL,1614,2016-12-14,2023-09-14,44750.0,149188.97149938042,0.0,0.0,0,True,rl_recurrent_partition_v1,psx-4a-126450ec6355,single_symbol_env_v1,0.96415770609319
EXIDE,1639,2016-10-06,2023-10-03,2050.0,5831.50091519219,0.0,0.0,0,True,rl_recurrent_partition_v1,psx-4a-126450ec6355,single_symbol_env_v1,0.9463048498845266
FABL,1701,2016-10-06,2023-08-24,457375.0,1307929.8830099942,0.0,0.0,0,True,rl_recurrent_partition_v1,psx-4a-126450ec6355,single_symbol_env_v1,0.9976539589442815
FASM,807,2017-07-26,2024-12-18,300.0,1573.991325898389,0.0,0.0,0,True,rl_recurrent_partition_v1,psx-4a-126450ec6355,single_symbol_env_v1,0.4407427635172037
FATIMA,1702,2016-10-06,2023-08-24,67068.0,358554.62103407754,0.0,0.0,0,True,rl_recurrent_partition_v1,psx-4a-126450ec6355,single_symbol_env_v1,0.9982404692082112
FCCL,1704,2016-10-06,2023-08-23,2771250.0,4252143.485915493,0.0,0.0,0,True,rl_recurrent_partition_v1,psx-4a-126450ec6355,single_symbol_env_v1,1.0
FCEL,322,2018-11-19,2026-01-12,6356.5,247169.40062111802,0.0,0.0,0,True,rl_recurrent_partition_v1,psx-4a-126450ec6355,single_symbol_env_v1,0.18171557562076748
FCEPL,1704,2016-10-06,2023-08-23,165685.0,368933.9888497653,0.0,0.0,0,True,rl_recurrent_partition_v1,psx-4a-126450ec6355,single_symbol_env_v1,1.0
FCIBL,847,2016-11-07,2024-12-27,2000.0,11560.5360094451,0.0,0.0,0,True,rl_recurrent_partition_v1,psx-4a-126450ec6355,single_symbol_env_v1,0.41993058998512645
FCL,340,2024-08-26,2025-12-31,1720887.0,3502897.2029411765,0.0,0.0,0,True,rl_recurrent_partition_v1,psx-4a-126450ec6355,single_symbol_env_v1,1.0
FCSC,1693,2016-10-06,2023-08-30,201000.0,726362.9651506202,0.0,0.0,0,True,rl_recurrent_partition_v1,psx-4a-126450ec6355,single_symbol_env_v1,0.9906377998829725
FDPL,1698,2016-10-06,2023-08-21,155500.0,684411.0718492344,0.0,0.0,0,True,rl_recurrent_partition_v1,psx-4a-126450ec6355,single_symbol_env_v1,0.9976498237367802
FECTC,1548,2016-10-06,2023-11-27,10000.0,29672.545219638243,0.0,0.0,0,True,rl_recurrent_partition_v1,psx-4a-126450ec6355,single_symbol_env_v1,0.8745762711864407
FEROZ,1701,2016-10-06,2023-08-24,41700.0,110336.56672545562,0.0,0.0,0,True,rl_recurrent_partition_v1,psx-4a-126450ec6355,single_symbol_env_v1,0.9976539589442815
FFC,1704,2016-10-06,2023-08-23,617743.5,962787.2693661972,0.0,0.0,0,True,rl_recurrent_partition_v1,psx-4a-126450ec6355,single_symbol_env_v1,1.0
FFL,1704,2016-10-06,2023-08-23,2313500.0,4258306.8884976525,0.0,0.0,0,True,rl_recurrent_partition_v1,psx-4a-126450ec6355,single_symbol_env_v1,1.0
FIL,216,2024-08-30,2026-01-23,122.0,784.5972222222222,0.0,0.0,0,True,rl_recurrent_partition_v1,psx-4a-126450ec6355,single_symbol_env_v1,0.6118980169971672
FLYNG,1663,2016-10-06,2023-09-15,301500.0,1166599.2182802164,0.0,0.0,0,True,rl_recurrent_partition_v1,psx-4a-126450ec6355,single_symbol_env_v1,0.9662986635676932
FML,1454,2016-10-17,2023-09-18,6500.0,45962.585969738655,0.0,0.0,0,True,rl_recurrent_partition_v1,psx-4a-126450ec6355,single_symbol_env_v1,0.8468258590564939
FNEL,1658,2016-10-06,2023-09-20,164500.0,1122184.5597104945,0.0,0.0,0,True,rl_recurrent_partition_v1,psx-4a-126450ec6355,single_symbol_env_v1,0.9617169373549884
FRCL,1021,2016-10-31,2024-10-09,3000.0,11288.487757100882,0.0,0.0,0,True,rl_recurrent_partition_v1,psx-4a-126450ec6355,single_symbol_env_v1,0.5193285859613428
FRSM,1218,2016-10-07,2024-03-07,5000.0,18861.494252873563,0.0,0.0,0,True,rl_recurrent_partition_v1,psx-4a-126450ec6355,single_symbol_env_v1,0.6623164763458401
FSWL,203,2024-10-15,2026-03-18,112.0,857.6995073891626,0.0,0.0,0,True,rl_recurrent_partition_v1,psx-4a-126450ec6355,single_symbol_env_v1,0.5654596100278552
FZCM,1068,2016-11-23,2024-07-29,400.0,1247.9709737827716,0.0,0.0,0,True,rl_recurrent_partition_v1,psx-4a-126450ec6355,single_symbol_env_v1,0.5624012638230648
GADT,1432,2016-10-06,2024-01-10,3500.0,14898.533519553073,0.0,0.0,0,True,rl_recurrent_partition_v1,psx-4a-126450ec6355,single_symbol_env_v1,0.7951138256524153
GAL,1703,2016-10-06,2023-08-23,237000.0,443293.359365825,0.0,0.0,0,True,rl_recurrent_partition_v1,psx-4a-126450ec6355,single_symbol_env_v1,0.9994131455399061
GAMON,1288,2016-10-06,2024-04-24,4500.0,17170.03105590062,0.0,0.0,0,True,rl_recurrent_partition_v1,psx-4a-126450ec6355,single_symbol_env_v1,0.6887700534759358
GATI,1042,2017-01-03,2024-10-18,400.0,1073.8349328214972,0.0,0.0,0,True,rl_recurrent_partition_v1,psx-4a-126450ec6355,single_symbol_env_v1,0.5404564315352697
GATM,1704,2016-10-06,2023-08-23,482500.0,914733.5768779343,0.0,0.0,0,True,rl_recurrent_partition_v1,psx-4a-126450ec6355,single_symbol_env_v1,1.0
GCIL,611,2023-01-20,2025-07-17,980026.0,2252041.0114566283,0.0,0.0,0,True,rl_recurrent_partition_v1,psx-4a-126450ec6355,single_symbol_env_v1,1.0
GCWL,189,2025-07-08,2026-04-03,2537781.0,5082931.037037037,0.0,0.0,0,True,rl_recurrent_partition_v1,psx-4a-126450ec6355,single_symbol_env_v1,1.0
GFIL,1332,2016-10-25,2024-03-20,5500.0,25212.087087087086,0.0,0.0,0,True,rl_recurrent_partition_v1,psx-4a-126450ec6355,single_symbol_env_v1,0.7247007616974973
GGGL,1698,2016-10-06,2023-08-28,455000.0,1537577.1495877502,0.0,0.0,0,True,rl_recurrent_partition_v1,psx-4a-126450ec6355,single_symbol_env_v1,0.9947275922671354
GGL,1703,2016-10-06,2023-08-23,1025000.0,3582301.0135055785,0.0,0.0,0,True,rl_recurrent_partition_v1,psx-4a-126450ec6355,single_symbol_env_v1,0.9994131455399061
GHGL,1700,2016-10-06,2023-08-25,44000.0,135896.23529411765,0.0,0.0,0,True,rl_recurrent_partition_v1,psx-4a-126450ec6355,single_symbol_env_v1,0.9964830011723329
GHNI,1704,2016-10-06,2023-08-23,166850.0,366947.926056338,0.0,0.0,0,True,rl_recurrent_partition_v1,psx-4a-126450ec6355,single_symbol_env_v1,1.0
GLAXO,1703,2016-10-06,2023-08-22,44500.0,131322.01996476806,0.0,0.0,0,True,rl_recurrent_partition_v1,psx-4a-126450ec6355,single_symbol_env_v1,1.0
GOC,676,2016-12-21,2025-05-26,1000.0,3290.9349112426034,0.0,0.0,0,True,rl_recurrent_partition_v1,psx-4a-126450ec6355,single_symbol_env_v1,0.32406519654841803
GRYL,1025,2016-11-02,2024-09-10,3000.0,14571.17268292683,0.0,0.0,0,True,rl_recurrent_partition_v1,psx-4a-126450ec6355,single_symbol_env_v1,0.5272633744855967
GSPM,339,2024-08-15,2025-12-24,14108.0,55654.24778761062,0.0,0.0,0,True,rl_recurrent_partition_v1,psx-4a-126450ec6355,single_symbol_env_v1,0.9883381924198251
GTYR,1703,2016-10-06,2023-08-24,108000.0,233364.8854961832,0.0,0.0,0,True,rl_recurrent_partition_v1,psx-4a-126450ec6355,single_symbol_env_v1,0.9988269794721407
GUSM,324,2024-08-15,2025-12-23,10153.5,34383.17901234568,0.0,0.0,0,True,rl_recurrent_partition_v1,psx-4a-126450ec6355,single_symbol_env_v1,0.9473684210526315
GVGL,1584,2016-10-07,2023-10-27,12000.0,26259.469696969696,0.0,0.0,0,True,rl_recurrent_partition_v1,psx-4a-126450ec6355,single_symbol_env_v1,0.9056603773584906
GWLC,1677,2016-10-07,2023-08-31,73500.0,188183.0649970185,0.0,0.0,0,True,rl_recurrent_partition_v1,psx-4a-126450ec6355,single_symbol_env_v1,0.981275599765945
HABSM,1544,2016-10-13,2023-11-28,13000.0,52302.461139896375,0.0,0.0,0,True,rl_recurrent_partition_v1,psx-4a-126450ec6355,single_symbol_env_v1,0.8733031674208145
HAEL,1150,2016-10-21,2024-08-07,3500.0,19898.132173913044,0.0,0.0,0,True,rl_recurrent_partition_v1,psx-4a-126450ec6355,single_symbol_env_v1,0.5961638154484189
HAFL,249,2023-11-10,2026-01-28,37.0,206.07630522088354,0.0,0.0,0,True,rl_recurrent_partition_v1,psx-4a-126450ec6355,single_symbol_env_v1,0.4519056261343013
HALEON,568,2023-04-11,2025-08-13,31148.5,65168.19894366197,0.0,0.0,0,True,rl_recurrent_partition_v1,psx-4a-126450ec6355,single_symbol_env_v1,0.9895470383275261
HASCOL,1704,2016-10-06,2023-08-23,1583000.0,6565484.823356807,0.0,0.0,0,True,rl_recurrent_partition_v1,psx-4a-126450ec6355,single_symbol_env_v1,1.0
HBL,1704,2016-10-06,2023-08-23,1067481.5,1592810.968309859,0.0,0.0,0,True,rl_recurrent_partition_v1,psx-4a-126450ec6355,single_symbol_env_v1,1.0
HCAR,1704,2016-10-06,2023-08-23,128200.0,224686.89788732395,0.0,0.0,0,True,rl_recurrent_partition_v1,psx-4a-126450ec6355,single_symbol_env_v1,1.0
HICL,1197,2016-10-19,2024-06-11,4500.0,16994.18045112782,0.0,0.0,0,True,rl_recurrent_partition_v1,psx-4a-126450ec6355,single_symbol_env_v1,0.6316622691292876
HINO,1500,2016-10-06,2023-12-20,900.0,3240.74,0.0,0.0,0,True,rl_recurrent_partition_v1,psx-4a-126450ec6355,single_symbol_env_v1,0.8393956351426972
HINOON,1695,2016-10-06,2023-08-29,6300.0,15415.575221238938,0.0,0.0,0,True,rl_recurrent_partition_v1,psx-4a-126450ec6355,single_symbol_env_v1,0.9923887587822015
HIRAT,1656,2016-10-06,2023-07-12,79500.0,320466.4855072464,0.0,0.0,0,True,rl_recurrent_partition_v1,psx-4a-126450ec6355,single_symbol_env_v1,0.9880668257756563
HMB,1675,2016-10-10,2023-09-08,90500.0,349015.22388059704,0.0,0.0,0,True,rl_recurrent_partition_v1,psx-4a-126450ec6355,single_symbol_env_v1,0.9772462077012836
HPL,1354,2016-10-20,2024-01-16,400.0,916.3737075332349,0.0,0.0,0,True,rl_recurrent_partition_v1,psx-4a-126450ec6355,single_symbol_env_v1,0.7534780189204229
HRPL,737,2020-10-07,2025-04-09,2500.0,10609.611940298508,0.0,0.0,0,True,rl_recurrent_partition_v1,psx-4a-126450ec6355,single_symbol_env_v1,0.6621743036837376
HTL,1704,2016-10-06,2023-08-23,223500.0,513714.61267605633,0.0,0.0,0,True,rl_recurrent_partition_v1,psx-4a-126450ec6355,single_symbol_env_v1,1.0
HUBC,1704,2016-10-06,2023-08-23,1118947.0,1890339.5211267606,0.0,0.0,0,True,rl_recurrent_partition_v1,psx-4a-126450ec6355,single_symbol_env_v1,1.0
HUMNL,1701,2016-10-06,2023-08-24,842000.0,4428447.922986479,0.0,0.0,0,True,rl_recurrent_partition_v1,psx-4a-126450ec6355,single_symbol_env_v1,0.9976539589442815
HUSI,459,2021-10-29,2025-08-26,1051.0,4912.579520697168,0.0,0.0,0,True,rl_recurrent_partition_v1,psx-4a-126450ec6355,single_symbol_env_v1,0.48520084566596194
HWQS,1115,2016-10-19,2024-08-27,34000.0,194926.6385650224,0.0,0.0,0,True,rl_recurrent_partition_v1,psx-4a-126450ec6355,single_symbol_env_v1,0.573559670781893
IBFL,1000,2016-11-24,2024-10-22,1500.0,16234.559,0.0,0.0,0,True,rl_recurrent_partition_v1,psx-4a-126450ec6355,single_symbol_env_v1,0.510986203372509
IBLHL,1680,2016-10-06,2023-09-06,13500.0,36997.32142857143,0.0,0.0,0,True,rl_recurrent_partition_v1,psx-4a-126450ec6355,single_symbol_env_v1,0.9801633605600933
ICCI,343,2024-08-19,2025-12-29,31110.0,107900.5335276968,0.0,0.0,0,True,rl_recurrent_partition_v1,psx-4a-126450ec6355,single_symbol_env_v1,1.0
ICIBL,1701,2016-10-06,2023-08-24,150000.0,706199.5884773663,0.0,0.0,0,True,rl_recurrent_partition_v1,psx-4a-126450ec6355,single_symbol_env_v1,0.9976539589442815
ICL,1676,2016-10-06,2023-09-04,59500.0,176530.72792362768,0.0,0.0,0,True,rl_recurrent_partition_v1,psx-4a-126450ec6355,single_symbol_env_v1,0.9789719626168224
IDEAL,533,2017-08-07,2025-08-27,1008.0,3652.4033771106942,0.0,0.0,0,True,rl_recurrent_partition_v1,psx-4a-126450ec6355,single_symbol_env_v1,0.267570281124498
IDRT,600,2017-03-22,2025-07-23,1500.0,10925.013333333334,0.0,0.0,0,True,rl_recurrent_partition_v1,psx-4a-126450ec6355,single_symbol_env_v1,0.2912621359223301
IDYM,1178,2017-02-07,2024-07-25,1700.0,4784.786078098472,0.0,0.0,0,True,rl_recurrent_partition_v1,psx-4a-126450ec6355,single_symbol_env_v1,0.6388286334056399
IGIHL,1533,2017-03-10,2023-11-30,10400.0,44173.84213959557,0.0,0.0,0,True,rl_recurrent_partition_v1,psx-4a-126450ec6355,single_symbol_env_v1,0.9207207207207208
IGIL,1176,2016-10-07,2024-05-31,5000.0,18475.223639455784,0.0,0.0,0,True,rl_recurrent_partition_v1,psx-4a-126450ec6355,single_symbol_env_v1,0.6209081309398099
ILP,1235,2019-06-21,2024-06-14,263393.0,574460.5449392713,0.0,0.0,0,True,rl_recurrent_partition_v1,psx-4a-126450ec6355,single_symbol_env_v1,1.0
IMAGE,888,2021-06-22,2025-01-21,587250.0,1226597.0045045046,0.0,0.0,0,True,rl_recurrent_partition_v1,psx-4a-126450ec6355,single_symbol_env_v1,1.0
IML,670,2021-01-27,2025-05-21,6084.5,34280.39850746268,0.0,0.0,0,True,rl_recurrent_partition_v1,psx-4a-126450ec6355,single_symbol_env_v1,0.6296992481203008
IMS,1126,2017-08-18,2024-08-22,4000.0,34746.67939609236,0.0,0.0,0,True,rl_recurrent_partition_v1,psx-4a-126450ec6355,single_symbol_env_v1,0.6501154734411085
INDU,1703,2016-10-06,2023-08-23,9938.0,24031.314151497358,0.0,0.0,0,True,rl_recurrent_partition_v1,psx-4a-126450ec6355,single_symbol_env_v1,0.9994131455399061
INIL,1704,2016-10-06,2023-08-23,237514.5,475347.04518779344,0.0,0.0,0,True,rl_recurrent_partition_v1,psx-4a-126450ec6355,single_symbol_env_v1,1.0
INKL,660,2016-11-24,2025-06-05,2000.0,7248.783333333334,0.0,0.0,0,True,rl_recurrent_partition_v1,psx-4a-126450ec6355,single_symbol_env_v1,0.31264803410705827
IPAK,343,2024-08-19,2025-12-29,115003.0,340119.5218658892,0.0,0.0,0,True,rl_recurrent_partition_v1,psx-4a-126450ec6355,single_symbol_env_v1,1.0
ISIL,672,2016-11-07,2025-05-12,200.0,555.78125,0.0,0.0,0,True,rl_recurrent_partition_v1,psx-4a-126450ec6355,single_symbol_env_v1,0.31893687707641194
ISL,1704,2016-10-06,2023-08-23,1284227.0,1890500.3169014084,0.0,0.0,0,True,rl_recurrent_partition_v1,psx-4a-126450ec6355,single_symbol_env_v1,1.0
ITTEFAQ,1540,2017-09-13,2023-12-01,185750.0,557650.0,0.0,0.0,0,True,rl_recurrent_partition_v1,psx-4a-126450ec6355,single_symbol_env_v1,0.9987029831387808
JATM,1192,2017-01-12,2024-06-24,5500.0,24088.650167785236,0.0,0.0,0,True,rl_recurrent_partition_v1,psx-4a-126450ec6355,single_symbol_env_v1,0.6474741988049972
JDMT,1016,2016-10-06,2024-10-28,2000.0,10809.979330708662,0.0,0.0,0,True,rl_recurrent_partition_v1,psx-4a-126450ec6355,single_symbol_env_v1,0.5095285857572718
JDWS,1059,2016-11-04,2024-10-07,531.0,3609.6062322946177,0.0,0.0,0,True,rl_recurrent_partition_v1,psx-4a-126450ec6355,single_symbol_env_v1,0.5403061224489796
JGICL,1140,2016-10-17,2024-08-19,4000.0,42862.019298245614,0.0,0.0,0,True,rl_recurrent_partition_v1,psx-4a-126450ec6355,single_symbol_env_v1,0.5876288659793815
JKSM,744,2016-12-29,2025-01-31,1537.0,5574.448924731183,0.0,0.0,0,True,rl_recurrent_partition_v1,psx-4a-126450ec6355,single_symbol_env_v1,0.371072319201995
JLICL,1390,2016-10-27,2024-02-20,2100.0,10935.359712230216,0.0,0.0,0,True,rl_recurrent_partition_v1,psx-4a-126450ec6355,single_symbol_env_v1,0.7658402203856749
JSBL,1646,2016-10-06,2023-09-27,135750.0,995557.411907655,0.0,0.0,0,True,rl_recurrent_partition_v1,psx-4a-126450ec6355,single_symbol_env_v1,0.9519953730480046
JSCL,1703,2016-10-06,2023-08-24,631000.0,2003563.1238990019,0.0,0.0,0,True,rl_recurrent_partition_v1,psx-4a-126450ec6355,single_symbol_env_v1,0.9988269794721407
JSGCL,948,2016-11-24,2024-10-24,1808.0,4594.290084388185,0.0,0.0,0,True,rl_recurrent_partition_v1,psx-4a-126450ec6355,single_symbol_env_v1,0.48392036753445633
JSIL,1092,2016-10-10,2024-08-08,4500.0,21885.781135531135,0.0,0.0,0,True,rl_recurrent_partition_v1,psx-4a-126450ec6355,single_symbol_env_v1,0.5637583892617449
JSML,1364,2016-10-20,2024-03-04,7000.0,26482.771260997066,0.0,0.0,0,True,rl_recurrent_partition_v1,psx-4a-126450ec6355,single_symbol_env_v1,0.7457627118644068
JUBS,1241,2016-11-02,2024-04-24,7000.0,32806.20467365028,0.0,0.0,0,True,rl_recurrent_partition_v1,psx-4a-126450ec6355,single_symbol_env_v1,0.6697247706422018
JVDC,1432,2016-10-07,2024-01-16,15000.0,102430.51675977654,0.0,0.0,0,True,rl_recurrent_partition_v1,psx-4a-126450ec6355,single_symbol_env_v1,0.7937915742793792
KAPCO,1704,2016-10-06,2023-08-23,754500.0,1745584.3045774647,0.0,0.0,0,True,rl_recurrent_partition_v1,psx-4a-126450ec6355,single_symbol_env_v1,1.0
KCL,340,2018-09-12,2025-10-21,500.0,1919.7,0.0,0.0,0,True,rl_recurrent_partition_v1,psx-4a-126450ec6355,single_symbol_env_v1,0.19318181818181818
KEL,1704,2016-10-06,2023-08-23,6456500.0,11839999.636150235,0.0,0.0,0,True,rl_recurrent_partition_v1,psx-4a-126450ec6355,single_symbol_env_v1,1.0
KHTC,1549,2016-10-24,2023-11-21,1300.0,3724.6158812136864,0.0,0.0,0,True,rl_recurrent_partition_v1,psx-4a-126450ec6355,single_symbol_env_v1,0.8821184510250569
KHYT,360,2018-11-27,2025-12-05,100.0,277.3222222222222,0.0,0.0,0,True,rl_recurrent_partition_v1,psx-4a-126450ec6355,single_symbol_env_v1,0.2066590126291619
KML,1143,2016-10-07,2024-04-19,4000.0,12457.130358705163,0.0,0.0,0,True,rl_recurrent_partition_v1,psx-4a-126450ec6355,single_symbol_env_v1,0.612540192926045
KOHC,1703,2016-10-06,2023-08-23,82300.0,169146.61127422197,0.0,0.0,0,True,rl_recurrent_partition_v1,psx-4a-126450ec6355,single_symbol_env_v1,0.9994131455399061
KOHE,1540,2016-10-10,2023-12-04,16500.0,45135.71428571428,0.0,0.0,0,True,rl_recurrent_partition_v1,psx-4a-126450ec6355,single_symbol_env_v1,0.8685843203609701
KOHP,1475,2016-10-06,2024-01-11,15500.0,83427.79661016949,0.0,0.0,0,True,rl_recurrent_partition_v1,psx-4a-126450ec6355,single_symbol_env_v1,0.818534961154273
KOHTM,769,2016-11-01,2025-04-09,2000.0,13953.773732119636,0.0,0.0,0,True,rl_recurrent_partition_v1,psx-4a-126450ec6355,single_symbol_env_v1,0.3681187170895165
KOIL,1617,2016-10-06,2023-08-02,28000.0,126387.75510204081,0.0,0.0,0,True,rl_recurrent_partition_v1,psx-4a-126450ec6355,single_symbol_env_v1,0.9568047337278106
KOSM,1702,2016-10-06,2023-08-24,339500.0,1160652.4676850764,0.0,0.0,0,True,rl_recurrent_partition_v1,psx-4a-126450ec6355,single_symbol_env_v1,0.9982404692082112
KPUS,569,2018-06-26,2025-08-04,1000.0,2188.390158172232,0.0,0.0,0,True,rl_recurrent_partition_v1,psx-4a-126450ec6355,single_symbol_env_v1,0.32403189066059224
KSBP,1408,2016-10-06,2024-02-21,2600.0,12658.664772727272,0.0,0.0,0,True,rl_recurrent_partition_v1,psx-4a-126450ec6355,single_symbol_env_v1,0.7698195735374521
KSTM,636,2016-12-29,2025-07-01,8086.0,37411.65251572327,0.0,0.0,0,True,rl_recurrent_partition_v1,psx-4a-126450ec6355,single_symbol_env_v1,0.3024251069900143
KTML,1605,2016-10-07,2023-10-11,51100.0,195696.61495327103,0.0,0.0,0,True,rl_recurrent_partition_v1,psx-4a-126450ec6355,single_symbol_env_v1,0.924006908462867
LCI,1678,2016-10-06,2023-09-07,8400.0,27903.62991656734,0.0,0.0,0,True,rl_recurrent_partition_v1,psx-4a-126450ec6355,single_symbol_env_v1,0.9784256559766764
LEUL,1365,2016-10-14,2024-02-01,3000.0,10716.117216117216,0.0,0.0,0,True,rl_recurrent_partition_v1,psx-4a-126450ec6355,single_symbol_env_v1,0.752895752895753
LIVEN,858,2016-11-24,2025-02-10,2700.0,9048.123543123544,0.0,0.0,0,True,rl_recurrent_partition_v1,psx-4a-126450ec6355,single_symbol_env_v1,0.4218289085545723
LOADS,1659,2017-01-10,2023-09-20,289000.0,708404.4605183846,0.0,0.0,0,True,rl_recurrent_partition_v1,psx-4a-126450ec6355,single_symbol_env_v1,1.0
LOTCHEM,1704,2016-10-06,2023-08-23,2816000.0,4882520.493544601,0.0,0.0,0,True,rl_recurrent_partition_v1,psx-4a-126450ec6355,single_symbol_env_v1,1.0
LPGL,909,2016-12-26,2025-01-07,2500.0,15320.212321232124,0.0,0.0,0,True,rl_recurrent_partition_v1,psx-4a-126450ec6355,single_symbol_env_v1,0.45678391959799
LPL,1680,2016-10-06,2023-09-06,95500.0,429483.63095238095,0.0,0.0,0,True,rl_recurrent_partition_v1,psx-4a-126450ec6355,single_symbol_env_v1,0.9801633605600933
LSECL,347,2024-08-09,2025-12-26,171618.0,670263.4524495677,0.0,0.0,0,True,rl_recurrent_partition_v1,psx-4a-126450ec6355,single_symbol_env_v1,1.0
LSEFSL,341,2024-08-16,2025-12-29,8361.0,41883.90615835777,0.0,0.0,0,True,rl_recurrent_partition_v1,psx-4a-126450ec6355,single_symbol_env_v1,0.9912790697674418
LSEVL,492,2023-10-02,2025-09-30,54642.0,153036.7581300813,0.0,0.0,0,True,rl_recurrent_partition_v1,psx-4a-126450ec6355,single_symbol_env_v1,0.9959514170040485
LUCK,1701,2016-10-06,2023-08-18,419700.0,620764.0517342739,0.0,0.0,0,True,rl_recurrent_partition_v1,psx-4a-126450ec6355,single_symbol_env_v1,1.0
MACFL,1561,2016-10-06,2023-11-14,23000.0,215492.31262011532,0.0,0.0,0,True,rl_recurrent_partition_v1,psx-4a-126450ec6355,single_symbol_env_v1,0.8864281658148779
MACTER,896,2018-02-21,2025-01-16,1000.0,3207.71875,0.0,0.0,0,True,rl_recurrent_partition_v1,psx-4a-126450ec6355,single_symbol_env_v1,0.5248974809607498
MARI,1704,2016-10-06,2023-08-23,21222.0,37894.43133802817,0.0,0.0,0,True,rl_recurrent_partition_v1,psx-4a-126450ec6355,single_symbol_env_v1,1.0
MCB,1704,2016-10-06,2023-08-23,399833.5,619079.2670187793,0.0,0.0,0,True,rl_recurrent_partition_v1,psx-4a-126450ec6355,single_symbol_env_v1,1.0
MCBIM,1232,2016-11-22,2024-06-13,4500.0,26081.185876623378,0.0,0.0,0,True,rl_recurrent_partition_v1,psx-4a-126450ec6355,single_symbol_env_v1,0.6577682861719167
MDTL,1702,2016-10-06,2023-08-24,262750.0,1002827.2620446533,0.0,0.0,0,True,rl_recurrent_partition_v1,psx-4a-126450ec6355,single_symbol_env_v1,0.9982404692082112
MEBL,1691,2016-10-06,2023-08-30,402539.0,748687.9828503844,0.0,0.0,0,True,rl_recurrent_partition_v1,psx-4a-126450ec6355,single_symbol_env_v1,0.9894675248683441
MEHT,606,2018-07-20,2025-07-21,159.5,1959.8894389438944,0.0,0.0,0,True,rl_recurrent_partition_v1,psx-4a-126450ec6355,single_symbol_env_v1,0.3506944444444444
MERIT,1673,2016-10-06,2023-09-08,111500.0,322597.1309025702,0.0,0.0,0,True,rl_recurrent_partition_v1,psx-4a-126450ec6355,single_symbol_env_v1,0.9749417249417249
MFFL,1432,2016-10-06,2024-02-07,3100.0,41438.33798882682,0.0,0.0,0,True,rl_recurrent_partition_v1,psx-4a-126450ec6355,single_symbol_env_v1,0.7868131868131868
MFL,1416,2018-04-24,2024-02-20,133000.0,364527.89548022597,0.0,0.0,0,True,rl_recurrent_partition_v1,psx-4a-126450ec6355,single_symbol_env_v1,0.9826509368494102
MIRKS,1155,2016-10-24,2024-08-08,3000.0,13044.577489177489,0.0,0.0,0,True,rl_recurrent_partition_v1,psx-4a-126450ec6355,single_symbol_env_v1,0.5987558320373251
MLCF,1704,2016-10-06,2023-08-23,3263644.5,5672047.102112676,0.0,0.0,0,True,rl_recurrent_partition_v1,psx-4a-126450ec6355,single_symbol_env_v1,1.0
MQTM,527,2016-12-20,2025-09-04,1000.0,8632.220113851992,0.0,0.0,0,True,rl_recurrent_partition_v1,psx-4a-126450ec6355,single_symbol_env_v1,0.24443413729128013
MRNS,1381,2016-11-17,2024-03-05,4800.0,14854.091238233164,0.0,0.0,0,True,rl_recurrent_partition_v1,psx-4a-126450ec6355,single_symbol_env_v1,0.7629834254143646
MSCL,815,2018-11-07,2025-03-06,2000.0,44456.00245398773,0.0,0.0,0,True,rl_recurrent_partition_v1,psx-4a-126450ec6355,single_symbol_env_v1,0.5197704081632653
MSOT,1067,2016-11-28,2024-08-07,1500.0,9074.484536082475,0.0,0.0,0,True,rl_recurrent_partition_v1,psx-4a-126450ec6355,single_symbol_env_v1,0.5606936416184971
MTL,1704,2016-10-06,2023-08-23,29180.0,54159.150821596246,0.0,0.0,0,True,rl_recurrent_partition_v1,psx-4a-126450ec6355,single_symbol_env_v1,1.0
MUGHAL,1704,2016-10-06,2023-08-23,457857.5,750403.0991784037,0.0,0.0,0,True,rl_recurrent_partition_v1,psx-4a-126450ec6355,single_symbol_env_v1,1.0
MUREB,1506,2016-10-10,2023-12-22,925.0,6771.746347941567,0.0,0.0,0,True,rl_recurrent_partition_v1,psx-4a-126450ec6355,single_symbol_env_v1,0.842753217683268
MWMP,343,2024-08-19,2025-12-29,23537.0,77983.48396501457,0.0,0.0,0,True,rl_recurrent_partition_v1,psx-4a-126450ec6355,single_symbol_env_v1,1.0
NAGC,796,2016-11-30,2024-08-27,1500.0,3101.7010050251256,0.0,0.0,0,True,rl_recurrent_partition_v1,psx-4a-126450ec6355,single_symbol_env_v1,0.4158829676071055
NATF,1646,2016-10-06,2023-09-27,10800.0,45245.56500607533,0.0,0.0,0,True,rl_recurrent_partition_v1,psx-4a-126450ec6355,single_symbol_env_v1,0.9519953730480046
NBP,1704,2016-10-06,2023-08-23,603500.0,1229802.8169014084,0.0,0.0,0,True,rl_recurrent_partition_v1,psx-4a-126450ec6355,single_symbol_env_v1,1.0
NCL,1704,2016-10-06,2023-08-23,630250.0,1102373.8198356808,0.0,0.0,0,True,rl_recurrent_partition_v1,psx-4a-126450ec6355,single_symbol_env_v1,1.0
NCML,1388,2016-10-06,2023-12-05,15000.0,123295.74927953891,0.0,0.0,0,True,rl_recurrent_partition_v1,psx-4a-126450ec6355,single_symbol_env_v1,0.7815315315315315
NCPL,1703,2016-10-06,2023-08-23,143500.0,478061.65590135055,0.0,0.0,0,True,rl_recurrent_partition_v1,psx-4a-126450ec6355,single_symbol_env_v1,0.9994131455399061
NESTLE,1259,2016-11-01,2024-05-31,120.0,359.1501191421763,0.0,0.0,0,True,rl_recurrent_partition_v1,psx-4a-126450ec6355,single_symbol_env_v1,0.6700372538584354
NETSOL,1703,2016-10-06,2023-08-23,641400.0,1382608.088079859,0.0,0.0,0,True,rl_recurrent_partition_v1,psx-4a-126450ec6355,single_symbol_env_v1,0.9994131455399061
NEXT,1471,2016-11-08,2023-12-13,12500.0,59089.39496940857,0.0,0.0,0,True,rl_recurrent_partition_v1,psx-4a-126450ec6355,single_symbol_env_v1,0.835320840431573
NICL,1383,2016-10-07,2024-02-19,7000.0,25313.52133044107,0.0,0.0,0,True,rl_recurrent_partition_v1,psx-4a-126450ec6355,single_symbol_env_v1,0.7573932092004381
NML,1704,2016-10-06,2023-08-23,686500.0,993951.3180751174,0.0,0.0,0,True,rl_recurrent_partition_v1,psx-4a-126450ec6355,single_symbol_env_v1,1.0
NONS,1017,2016-10-06,2024-08-28,3700.0,22795.233038348084,0.0,0.0,0,True,rl_recurrent_partition_v1,psx-4a-126450ec6355,single_symbol_env_v1,0.5210040983606558
NPL,1680,2016-10-07,2023-09-06,80000.0,336698.7375,0.0,0.0,0,True,rl_recurrent_partition_v1,psx-4a-126450ec6355,single_symbol_env_v1,0.9807355516637478
NRL,1704,2016-10-06,2023-08-23,284138.5,566783.890258216,0.0,0.0,0,True,rl_recurrent_partition_v1,psx-4a-126450ec6355,single_symbol_env_v1,1.0
NRSL,1696,2016-10-06,2023-08-24,460500.0,1416936.6155660378,0.0,0.0,0,True,rl_recurrent_partition_v1,psx-4a-126450ec6355,single_symbol_env_v1,0.9947214076246335
NSRM,506,2016-12-20,2025-08-07,979.0,1455.4525691699605,0.0,0.0,0,True,rl_recurrent_partition_v1,psx-4a-126450ec6355,single_symbol_env_v1,0.23678053345811886
OBOY,1449,2016-10-06,2024-01-25,33500.0,143826.77708764665,0.0,0.0,0,True,rl_recurrent_partition_v1,psx-4a-126450ec6355,single_symbol_env_v1,0.7996688741721855
OCTOPUS,805,2021-12-14,2025-03-13,453028.0,1130432.3130434782,0.0,0.0,0,True,rl_recurrent_partition_v1,psx-4a-126450ec6355,single_symbol_env_v1,1.0
OGDC,1704,2016-10-06,2023-08-23,1907450.0,2928908.142605634,0.0,0.0,0,True,rl_recurrent_partition_v1,psx-4a-126450ec6355,single_symbol_env_v1,1.0
OLPL,1672,2016-10-06,2023-08-30,37000.0,112228.46889952153,0.0,0.0,0,True,rl_recurrent_partition_v1,psx-4a-126450ec6355,single_symbol_env_v1,0.978349912229374
OML,787,2018-04-20,2025-02-03,2000.0,8301.425667090216,0.0,0.0,0,True,rl_recurrent_partition_v1,psx-4a-126450ec6355,single_symbol_env_v1,0.4690107270560191
OTSU,1171,2016-10-10,2024-07-30,1100.0,12684.637916310845,0.0,0.0,0,True,rl_recurrent_partition_v1,psx-4a-126450ec6355,single_symbol_env_v1,0.6067357512953367
PABC,840,2021-09-30,2025-02-19,168195.5,448966.92976190476,0.0,0.0,0,True,rl_recurrent_partition_v1,psx-4a-126450ec6355,single_symbol_env_v1,0.9988109393579072
PACE,1702,2016-10-06,2023-08-24,587250.0,2046307.579318449,0.0,0.0,0,True,rl_recurrent_partition_v1,psx-4a-126450ec6355,single_symbol_env_v1,0.9982404692082112
PAEL,1704,2016-10-06,2023-08-23,3696500.0,5333497.540492957,0.0,0.0,0,True,rl_recurrent_partition_v1,psx-4a-126450ec6355,single_symbol_env_v1,1.0
PAKD,1350,2016-12-08,2024-03-28,4500.0,15067.407407407407,0.0,0.0,0,True,rl_recurrent_partition_v1,psx-4a-126450ec6355,single_symbol_env_v1,0.7450331125827815
PAKL,370,2023-02-20,2025-12-01,1775.5,11798.18918918919,0.0,0.0,0,True,rl_recurrent_partition_v1,psx-4a-126450ec6355,single_symbol_env_v1,0.5393586005830904
PAKOXY,1338,2018-06-01,2024-04-04,5050.0,20898.206278026904,0.0,0.0,0,True,rl_recurrent_partition_v1,psx-4a-126450ec6355,single_symbol_env_v1,0.9253112033195021
PAKRI,1644,2016-10-06,2023-09-28,44500.0,216459.24574209246,0.0,0.0,0,True,rl_recurrent_partition_v1,psx-4a-126450ec6355,single_symbol_env_v1,0.9502890173410404
PAKT,1235,2016-11-01,2024-06-14,240.0,1208.9813765182187,0.0,0.0,0,True,rl_recurrent_partition_v1,psx-4a-126450ec6355,single_symbol_env_v1,0.6537850714663843
PASL,1704,2016-10-06,2023-08-23,297750.0,944753.5211267605,0.0,0.0,0,True,rl_recurrent_partition_v1,psx-4a-126450ec6355,single_symbol_env_v1,1.0
PASM,340,2024-08-15,2025-12-29,7747.0,41920.14117647059,0.0,0.0,0,True,rl_recurrent_partition_v1,psx-4a-126450ec6355,single_symbol_env_v1,0.9855072463768116
PCAL,1556,2016-10-06,2023-11-21,4000.0,16241.580976863754,0.0,0.0,0,True,rl_recurrent_partition_v1,psx-4a-126450ec6355,single_symbol_env_v1,0.8810872027180068
PECO,874,2016-10-27,2025-01-17,300.0,2009.9588100686499,0.0,0.0,0,True,rl_recurrent_partition_v1,psx-4a-126450ec6355,single_symbol_env_v1,0.42864149092692494
PGLC,776,2017-03-13,2025-04-03,2970.0,10946.988402061856,0.0,0.0,0,True,rl_recurrent_partition_v1,psx-4a-126450ec6355,single_symbol_env_v1,0.3895582329317269
PIAHCLA,1704,2016-10-06,2023-08-23,680000.0,1978806.338028169,0.0,0.0,0,True,rl_recurrent_partition_v1,psx-4a-126450ec6355,single_symbol_env_v1,1.0
PIAHCLB,308,2024-08-07,2026-01-05,36.0,71.58441558441558,0.0,0.0,0,True,rl_recurrent_partition_v1,psx-4a-126450ec6355,single_symbol_env_v1,0.8676056338028169
PIBTL,1704,2016-10-06,2023-08-23,2490750.0,4963587.441314554,0.0,0.0,0,True,rl_recurrent_partition_v1,psx-4a-126450ec6355,single_symbol_env_v1,1.0
PICT,1563,2016-11-04,2023-11-17,5300.0,63793.7939859245,0.0,0.0,0,True,rl_recurrent_partition_v1,psx-4a-126450ec6355,single_symbol_env_v1,0.8957020057306591
PIL,1661,2016-10-20,2023-09-14,46500.0,197116.7971101746,0.0,0.0,0,True,rl_recurrent_partition_v1,psx-4a-126450ec6355,single_symbol_env_v1,0.9702102803738317
PINL,1061,2016-11-11,2024-08-22,3000.0,15594.983034872761,0.0,0.0,0,True,rl_recurrent_partition_v1,psx-4a-126450ec6355,single_symbol_env_v1,0.5514553014553014
PIOC,1704,2016-10-06,2023-08-23,887329.5,1489243.396713615,0.0,0.0,0,True,rl_recurrent_partition_v1,psx-4a-126450ec6355,single_symbol_env_v1,1.0
PKGI,1329,2016-12-15,2023-11-30,8000.0,72462.37772761474,0.0,0.0,0,True,rl_recurrent_partition_v1,psx-4a-126450ec6355,single_symbol_env_v1,0.7699884125144844
PKGP,1633,2016-10-07,2023-09-18,46500.0,200970.9124311084,0.0,0.0,0,True,rl_recurrent_partition_v1,psx-4a-126450ec6355,single_symbol_env_v1,0.9488669378268448
PKGS,1690,2016-10-06,2023-08-31,19400.0,52184.59585798816,0.0,0.0,0,True,rl_recurrent_partition_v1,psx-4a-126450ec6355,single_symbol_env_v1,0.9883040935672515
PMRS,394,2017-04-11,2025-07-24,302.5,1408.5913705583757,0.0,0.0,0,True,rl_recurrent_partition_v1,psx-4a-126450ec6355,single_symbol_env_v1,0.1923828125
PNSC,1692,2016-10-06,2023-08-30,27050.0,65410.81560283688,0.0,0.0,0,True,rl_recurrent_partition_v1,psx-4a-126450ec6355,single_symbol_env_v1,0.9900526623756583
POL,1704,2016-10-06,2023-08-23,187594.5,263905.3221830986,0.0,0.0,0,True,rl_recurrent_partition_v1,psx-4a-126450ec6355,single_symbol_env_v1,1.0
POML,1122,2016-10-20,2024-08-22,500.0,1936.313725490196,0.0,0.0,0,True,rl_recurrent_partition_v1,psx-4a-126450ec6355,single_symbol_env_v1,0.5783505154639176
POWER,1704,2016-10-06,2023-08-23,1528500.0,3634898.1807511738,0.0,0.0,0,True,rl_recurrent_partition_v1,psx-4a-126450ec6355,single_symbol_env_v1,1.0
PPL,1704,2016-10-06,2023-08-23,1207038.0,2197419.578051643,0.0,0.0,0,True,rl_recurrent_partition_v1,psx-4a-126450ec6355,single_symbol_env_v1,1.0
PPP,963,2017-01-03,2024-12-05,2000.0,9642.434060228452,0.0,0.0,0,True,rl_recurrent_partition_v1,psx-4a-126450ec6355,single_symbol_env_v1,0.4908256880733945
PPVC,1103,2016-10-20,2024-07-22,4500.0,26776.760652765184,0.0,0.0,0,True,rl_recurrent_partition_v1,psx-4a-126450ec6355,single_symbol_env_v1,0.5750782064650678
PREMA,1351,2018-10-15,2024-03-28,168500.0,453677.2760917839,0.0,0.0,0,True,rl_recurrent_partition_v1,psx-4a-126450ec6355,single_symbol_env_v1,0.9970479704797048
PRET,984,2016-11-24,2024-07-04,500.0,2144.892276422764,0.0,0.0,0,True,rl_recurrent_partition_v1,psx-4a-126450ec6355,single_symbol_env_v1,0.5225703664365374
PRL,1704,2016-10-06,2023-08-23,1330750.0,4986185.433098592,0.0,0.0,0,True,rl_recurrent_partition_v1,psx-4a-126450ec6355,single_symbol_env_v1,1.0
PRWM,761,2017-01-26,2024-12-30,2500.0,7026.897503285151,0.0,0.0,0,True,rl_recurrent_partition_v1,psx-4a-126450ec6355,single_symbol_env_v1,0.3880673125956145
PSEL,602,2019-02-13,2025-07-24,135.0,822.6495016611295,0.0,0.0,0,True,rl_recurrent_partition_v1,psx-4a-126450ec6355,single_symbol_env_v1,0.37790332705586943
PSO,1704,2016-10-06,2023-08-23,747800.0,1145443.5768779342,0.0,0.0,0,True,rl_recurrent_partition_v1,psx-4a-126450ec6355,single_symbol_env_v1,1.0
PSX,1543,2017-09-11,2023-11-30,317500.0,748945.8846403111,0.0,0.0,0,True,rl_recurrent_partition_v1,psx-4a-126450ec6355,single_symbol_env_v1,1.0
PSYL,1215,2016-10-28,2024-04-09,2500.0,14361.316872427984,0.0,0.0,0,True,rl_recurrent_partition_v1,psx-4a-126450ec6355,single_symbol_env_v1,0.6574675324675324
PTC,1704,2016-10-06,2023-08-23,701250.0,2260071.5962441317,0.0,0.0,0,True,rl_recurrent_partition_v1,psx-4a-126450ec6355,single_symbol_env_v1,1.0
PTL,909,2021-05-03,2025-01-08,162500.0,355665.1078107811,0.0,0.0,0,True,rl_recurrent_partition_v1,psx-4a-126450ec6355,single_symbol_env_v1,1.0
QTECH,1634,2016-10-17,2023-09-27,50750.0,280749.08200734394,0.0,0.0,0,True,rl_recurrent_partition_v1,psx-4a-126450ec6355,single_symbol_env_v1,0.9477958236658933
QUET,864,2017-02-06,2025-01-21,3000.0,16699.24884259259,0.0,0.0,0,True,rl_recurrent_partition_v1,psx-4a-126450ec6355,single_symbol_env_v1,0.4385786802030457
QUICE,1698,2016-10-06,2023-08-25,193250.0,628163.7220259128,0.0,0.0,0,True,rl_recurrent_partition_v1,psx-4a-126450ec6355,single_symbol_env_v1,0.9953106682297772
REDCO,1367,2016-10-06,2023-11-30,11000.0,62747.622531089975,0.0,0.0,0,True,rl_recurrent_partition_v1,psx-4a-126450ec6355,single_symbol_env_v1,0.7710095882684715
REWM,1246,2016-11-24,2023-05-29,5500.0,16316.61316211878,0.0,0.0,0,True,rl_recurrent_partition_v1,psx-4a-126450ec6355,single_symbol_env_v1,0.7719950433705081
RICL,1255,2016-10-06,2024-04-15,8500.0,38884.46215139442,0.0,0.0,0,True,rl_recurrent_partition_v1,psx-4a-126450ec6355,single_symbol_env_v1,0.6736446591519055
RMPL,1031,2016-10-27,2024-10-23,60.0,169.4287099903007,0.0,0.0,0,True,rl_recurrent_partition_v1,psx-4a-126450ec6355,single_symbol_env_v1,0.5212335692618807
RPL,1599,2017-05-10,2023-10-26,101500.0,242722.32645403378,0.0,0.0,0,True,rl_recurrent_partition_v1,psx-4a-126450ec6355,single_symbol_env_v1,0.999375
RUBY,1201,2016-10-13,2024-06-28,4000.0,15045.547876769358,0.0,0.0,0,True,rl_recurrent_partition_v1,psx-4a-126450ec6355,single_symbol_env_v1,0.6291251964379256
RUPL,1165,2016-11-01,2024-06-20,5000.0,14545.951072961374,0.0,0.0,0,True,rl_recurrent_partition_v1,psx-4a-126450ec6355,single_symbol_env_v1,0.6164021164021164
SAIF,1456,2016-10-31,2023-12-26,6500.0,25831.043956043955,0.0,0.0,0,True,rl_recurrent_partition_v1,psx-4a-126450ec6355,single_symbol_env_v1,0.8202816901408451
SANSM,648,2017-05-03,2025-06-04,1500.0,5103.766975308642,0.0,0.0,0,True,rl_recurrent_partition_v1,psx-4a-126450ec6355,single_symbol_env_v1,0.32416208104052024
SAPT,915,2017-04-25,2024-11-08,100.0,349.4896174863388,0.0,0.0,0,True,rl_recurrent_partition_v1,psx-4a-126450ec6355,single_symbol_env_v1,0.49087982832618027
SARC,931,2016-10-31,2024-11-08,3000.0,15977.296455424275,0.0,0.0,0,True,rl_recurrent_partition_v1,psx-4a-126450ec6355,single_symbol_env_v1,0.46830985915492956
SASML,673,2016-12-14,2025-04-24,1000.0,3585.895988112927,0.0,0.0,0,True,rl_recurrent_partition_v1,psx-4a-126450ec6355,single_symbol_env_v1,0.3251207729468599
SAZEW,1674,2016-10-06,2023-09-11,87000.0,284102.19653524493,0.0,0.0,0,True,rl_recurrent_partition_v1,psx-4a-126450ec6355,single_symbol_env_v1,0.9749563191613279
SBL,1217,2016-10-21,2024-06-21,9500.0,113762.1700903862,0.0,0.0,0,True,rl_recurrent_partition_v1,psx-4a-126450ec6355,single_symbol_env_v1,0.6412012644889358
SCBPL,1495,2016-10-10,2024-01-01,11000.0,68606.6889632107,0.0,0.0,0,True,rl_recurrent_partition_v1,psx-4a-126450ec6355,single_symbol_env_v1,0.8342633928571429
SEARL,1704,2016-10-06,2023-08-23,424068.5,725855.3867370893,0.0,0.0,0,True,rl_recurrent_partition_v1,psx-4a-126450ec6355,single_symbol_env_v1,1.0
SEL,700,2016-11-03,2025-04-03,2000.0,7354.342857142857,0.0,0.0,0,True,rl_recurrent_partition_v1,psx-4a-126450ec6355,single_symbol_env_v1,0.3360537686029765
SEPL,1618,2016-10-06,2023-10-09,6050.0,22345.92088998764,0.0,0.0,0,True,rl_recurrent_partition_v1,psx-4a-126450ec6355,single_symbol_env_v1,0.9320276497695853
SERT,1098,2016-11-24,2024-09-05,3500.0,13136.69034608379,0.0,0.0,0,True,rl_recurrent_partition_v1,psx-4a-126450ec6355,single_symbol_env_v1,0.5703896103896103
SFL,886,2016-11-07,2024-12-13,104.0,2158.4830699774266,0.0,0.0,0,True,rl_recurrent_partition_v1,psx-4a-126450ec6355,single_symbol_env_v1,0.44123505976095617
SGF,876,2021-07-14,2025-01-28,68444.0,149850.10273972602,0.0,0.0,0,True,rl_recurrent_partition_v1,psx-4a-126450ec6355,single_symbol_env_v1,0.9988597491448119
SGPL,759,2021-09-10,2025-04-14,12000.0,47574.71277997365,0.0,0.0,0,True,rl_recurrent_partition_v1,psx-4a-126450ec6355,single_symbol_env_v1,0.8537682789651294
SHCM,474,2017-08-04,2025-09-30,1150.5,3549.6286919831223,0.0,0.0,0,True,rl_recurrent_partition_v1,psx-4a-126450ec6355,single_symbol_env_v1,0.23500247892910262
SHDT,1096,2016-11-03,2024-08-27,4500.0,14521.583941605839,0.0,0.0,0,True,rl_recurrent_partition_v1,psx-4a-126450ec6355,single_symbol_env_v1,0.5669943093636834
SHEZ,1323,2016-10-31,2024-04-22,1200.0,8629.61753590325,0.0,0.0,0,True,rl_recurrent_partition_v1,psx-4a-126450ec6355,single_symbol_env_v1,0.7139773340528872
SHFA,1530,2016-10-14,2023-11-27,5900.0,30604.70588235294,0.0,0.0,0,True,rl_recurrent_partition_v1,psx-4a-126450ec6355,single_symbol_env_v1,0.8663646659116648
SHJS,1002,2016-11-17,2024-06-12,1200.0,4613.956087824351,0.0,0.0,0,True,rl_recurrent_partition_v1,psx-4a-126450ec6355,single_symbol_env_v1,0.5344
SHNI,1358,2016-10-18,2024-02-21,5500.0,22856.038291605302,0.0,0.0,0,True,rl_recurrent_partition_v1,psx-4a-126450ec6355,single_symbol_env_v1,0.7449259462424574
SHSML,1380,2016-11-02,2024-02-01,5000.0,12408.333333333334,0.0,0.0,0,True,rl_recurrent_partition_v1,psx-4a-126450ec6355,single_symbol_env_v1,0.7666666666666667
SIBL,933,2016-11-24,2024-12-18,4013.0,26594.459807073956,0.0,0.0,0,True,rl_recurrent_partition_v1,psx-4a-126450ec6355,single_symbol_env_v1,0.466966966966967
SIEM,1451,2016-11-01,2023-11-23,650.0,1959.1936595451414,0.0,0.0,0,True,rl_recurrent_partition_v1,psx-4a-126450ec6355,single_symbol_env_v1,0.8281963470319634
SITC,1432,2016-10-18,2023-11-27,2800.0,11698.708100558659,0.0,0.0,0,True,rl_recurrent_partition_v1,psx-4a-126450ec6355,single_symbol_env_v1,0.8117913832199547
SKRS,1659,2016-10-21,2023-08-28,65500.0,153893.30922242315,0.0,0.0,0,True,rl_recurrent_partition_v1,psx-4a-126450ec6355,single_symbol_env_v1,0.9770318021201413
SLGL,363,2024-07-05,2025-12-16,2544985.0,5065837.876033057,0.0,0.0,0,True,rl_recurrent_partition_v1,psx-4a-126450ec6355,single_symbol_env_v1,1.0
SLYT,623,2016-12-13,2025-07-09,5000.0,20677.109149277687,0.0,0.0,0,True,rl_recurrent_partition_v1,psx-4a-126450ec6355,single_symbol_env_v1,0.29372937293729373
SMCPL,1462,2016-10-06,2023-12-08,25000.0,158482.21614227086,0.0,0.0,0,True,rl_recurrent_partition_v1,psx-4a-126450ec6355,single_symbol_env_v1,0.8218100056211355
SML,1152,2016-10-06,2024-05-31,8500.0,290776.00086805556,0.0,0.0,0,True,rl_recurrent_partition_v1,psx-4a-126450ec6355,single_symbol_env_v1,0.6079155672823219
SNAI,893,2016-10-28,2024-11-06,2500.0,6459.131019036954,0.0,0.0,0,True,rl_recurrent_partition_v1,psx-4a-126450ec6355,single_symbol_env_v1,0.4494212380473075
SNBL,1606,2016-10-13,2023-10-23,36500.0,293456.10211706103,0.0,0.0,0,True,rl_recurrent_partition_v1,psx-4a-126450ec6355,single_symbol_env_v1,0.9213998852553069
SNGP,1704,2016-10-06,2023-08-23,2311156.0,3314837.061032864,0.0,0.0,0,True,rl_recurrent_partition_v1,psx-4a-126450ec6355,single_symbol_env_v1,1.0
SPEL,1631,2016-10-06,2023-10-05,34000.0,152541.38565297364,0.0,0.0,0,True,rl_recurrent_partition_v1,psx-4a-126450ec6355,single_symbol_env_v1,0.9405997693194925
SPL,1682,2016-10-06,2023-08-10,146250.0,398328.7752675387,0.0,0.0,0,True,rl_recurrent_partition_v1,psx-4a-126450ec6355,single_symbol_env_v1,0.9917452830188679
SPWL,1680,2016-10-06,2023-09-06,59500.0,178415.47619047618,0.0,0.0,0,True,rl_recurrent_partition_v1,psx-4a-126450ec6355,single_symbol_env_v1,0.9801633605600933
SRVI,1652,2016-10-06,2023-09-22,3975.0,11911.410411622275,0.0,0.0,0,True,rl_recurrent_partition_v1,psx-4a-126450ec6355,single_symbol_env_v1,0.9571263035921205
SSGC,1704,2016-10-06,2023-08-23,1213750.0,2550556.4102112674,0.0,0.0,0,True,rl_recurrent_partition_v1,psx-4a-126450ec6355,single_symbol_env_v1,1.0
SSML,1344,2016-10-06,2024-02-07,8000.0,49523.80952380953,0.0,0.0,0,True,rl_recurrent_partition_v1,psx-4a-126450ec6355,single_symbol_env_v1,0.7384615384615385
SSOM,1194,2016-10-13,2024-07-08,3000.0,7749.510887772194,0.0,0.0,0,True,rl_recurrent_partition_v1,psx-4a-126450ec6355,single_symbol_env_v1,0.6234986945169713
STCL,1701,2016-10-06,2023-08-18,430500.0,985691.9459141681,0.0,0.0,0,True,rl_recurrent_partition_v1,psx-4a-126450ec6355,single_symbol_env_v1,1.0
STJT,900,2017-02-06,2024-10-28,500.0,1556.7855555555554,0.0,0.0,0,True,rl_recurrent_partition_v1,psx-4a-126450ec6355,single_symbol_env_v1,0.4712041884816754
STL,406,2024-01-05,2025-11-18,286.0,844.1871921182266,0.0,0.0,0,True,rl_recurrent_partition_v1,psx-4a-126450ec6355,single_symbol_env_v1,0.8787878787878788
STML,570,2017-03-01,2025-06-04,1000.0,4007.6298245614034,0.0,0.0,0,True,rl_recurrent_partition_v1,psx-4a-126450ec6355,single_symbol_env_v1,0.2791380999020568
STPL,1704,2016-10-06,2023-08-23,723750.0,1449961.5610328638,0.0,0.0,0,True,rl_recurrent_partition_v1,psx-4a-126450ec6355,single_symbol_env_v1,1.0
STYLERS,379,2024-04-08,2025-12-05,3116.0,11974.730870712401,0.0,0.0,0,True,rl_recurrent_partition_v1,psx-4a-126450ec6355,single_symbol_env_v1,0.9199029126213593
SUHJ,264,2022-10-07,2026-01-06,454.5,2425.284090909091,0.0,0.0,0,True,rl_recurrent_partition_v1,psx-4a-126450ec6355,single_symbol_env_v1,0.32754342431761785
SURC,838,2016-11-01,2024-12-23,500.0,4320.206443914081,0.0,0.0,0,True,rl_recurrent_partition_v1,psx-4a-126450ec6355,single_symbol_env_v1,0.41526263627353815
SUTM,881,2017-01-13,2025-01-10,500.0,1756.3847900113508,0.0,0.0,0,True,rl_recurrent_partition_v1,psx-4a-126450ec6355,single_symbol_env_v1,0.4451743304699343
SYM,473,2023-11-13,2025-10-10,2624697.0,5509804.619450317,0.0,0.0,0,True,rl_recurrent_partition_v1,psx-4a-126450ec6355,single_symbol_env_v1,1.0
SYS,1695,2016-10-06,2023-08-25,143200.0,240984.34041297936,0.0,0.0,0,True,rl_recurrent_partition_v1,psx-4a-126450ec6355,single_symbol_env_v1,0.9935521688159438
SZTM,265,2018-02-23,2026-01-27,500.0,3482.5132075471697,0.0,0.0,0,True,rl_recurrent_partition_v1,psx-4a-126450ec6355,single_symbol_env_v1,0.13506625891946994
TATM,1146,2016-12-06,2024-07-19,4500.0,15521.277486910994,0.0,0.0,0,True,rl_recurrent_partition_v1,psx-4a-126450ec6355,single_symbol_env_v1,0.60828025477707
TBL,422,2024-02-27,2025-11-11,1204204.5,3467636.8625592417,0.0,0.0,0,True,rl_recurrent_partition_v1,psx-4a-126450ec6355,single_symbol_env_v1,1.0
TCORP,1487,2016-10-14,2023-12-05,19500.0,53220.242098184266,0.0,0.0,0,True,rl_recurrent_partition_v1,psx-4a-126450ec6355,single_symbol_env_v1,0.8391647855530474
TELE,1703,2016-10-06,2023-08-24,811000.0,4780460.47504404,0.0,0.0,0,True,rl_recurrent_partition_v1,psx-4a-126450ec6355,single_symbol_env_v1,0.9988269794721407
TGL,1703,2016-10-06,2023-08-24,161500.0,361453.9342337052,0.0,0.0,0,True,rl_recurrent_partition_v1,psx-4a-126450ec6355,single_symbol_env_v1,0.9988269794721407
THALL,1674,2016-10-07,2023-09-07,16000.0,46689.671445639186,0.0,0.0,0,True,rl_recurrent_partition_v1,psx-4a-126450ec6355,single_symbol_env_v1,0.9766627771295215
THCCL,1693,2016-10-06,2023-08-29,118000.0,363555.8180744241,0.0,0.0,0,True,rl_recurrent_partition_v1,psx-4a-126450ec6355,single_symbol_env_v1,0.9912177985948478
TICL,868,2017-03-22,2024-12-17,300.0,828.8467741935484,0.0,0.0,0,True,rl_recurrent_partition_v1,psx-4a-126450ec6355,single_symbol_env_v1,0.4535005224660397
TOMCL,1007,2020-10-12,2024-11-07,568000.0,1503106.5700099305,0.0,0.0,0,True,rl_recurrent_partition_v1,psx-4a-126450ec6355,single_symbol_env_v1,1.0
TOWL,1253,2017-01-10,2024-06-05,5500.0,25872.237829209895,0.0,0.0,0,True,rl_recurrent_partition_v1,psx-4a-126450ec6355,single_symbol_env_v1,0.6835788325150027
TPL,1704,2016-10-06,2023-08-23,768750.0,2463098.884976526,0.0,0.0,0,True,rl_recurrent_partition_v1,psx-4a-126450ec6355,single_symbol_env_v1,1.0
TPLI,986,2018-11-09,2024-11-20,11500.0,57896.04665314402,0.0,0.0,0,True,rl_recurrent_partition_v1,psx-4a-126450ec6355,single_symbol_env_v1,0.660857908847185
TPLL,452,2017-01-20,2025-10-21,1000.0,3053.1769911504425,0.0,0.0,0,True,rl_recurrent_partition_v1,psx-4a-126450ec6355,single_symbol_env_v1,0.20867959372114497
TPLP,1359,2018-04-27,2024-03-25,1294000.0,4147973.5437821927,0.0,0.0,0,True,rl_recurrent_partition_v1,psx-4a-126450ec6355,single_symbol_env_v1,0.9295485636114911
TPLT,970,2020-10-19,2024-12-02,41000.0,239868.51340206186,0.0,0.0,0,True,rl_recurrent_partition_v1,psx-4a-126450ec6355,single_symbol_env_v1,0.9519136408243376
TREET,1704,2016-10-06,2023-08-23,627750.0,1937911.545774648,0.0,0.0,0,True,rl_recurrent_partition_v1,psx-4a-126450ec6355,single_symbol_env_v1,1.0
TRG,1704,2016-10-06,2023-08-23,7755665.0,10533066.07746479,0.0,0.0,0,True,rl_recurrent_partition_v1,psx-4a-126450ec6355,single_symbol_env_v1,1.0
TRIPF,1596,2016-10-06,2023-10-13,9650.0,38073.55889724311,0.0,0.0,0,True,rl_recurrent_partition_v1,psx-4a-126450ec6355,single_symbol_env_v1,0.9172413793103448
TSBL,760,2016-11-04,2024-12-30,3000.0,51860.20526315789,0.0,0.0,0,True,rl_recurrent_partition_v1,psx-4a-126450ec6355,single_symbol_env_v1,0.3764239722634968
TSML,582,2018-03-07,2025-07-10,500.0,722.987972508591,0.0,0.0,0,True,rl_recurrent_partition_v1,psx-4a-126450ec6355,single_symbol_env_v1,0.3210148924434639
TSPL,1649,2016-10-06,2023-09-20,42000.0,149926.01576713158,0.0,0.0,0,True,rl_recurrent_partition_v1,psx-4a-126450ec6355,single_symbol_env_v1,0.9564965197215777
UBDL,1267,2017-10-24,2024-05-22,5500.0,14651.93370165746,0.0,0.0,0,True,rl_recurrent_partition_v1,psx-4a-126450ec6355,single_symbol_env_v1,0.7782555282555282
UBL,1704,2016-10-06,2023-08-23,908895.5,1356885.2893192489,0.0,0.0,0,True,rl_recurrent_partition_v1,psx-4a-126450ec6355,single_symbol_env_v1,1.0
UDLI,322,2024-09-24,2026-01-09,23936.5,166205.7453416149,0.0,0.0,0,True,rl_recurrent_partition_v1,psx-4a-126450ec6355,single_symbol_env_v1,0.9847094801223242
UDPL,1038,2016-11-10,2024-10-07,3500.0,12310.119460500964,0.0,0.0,0,True,rl_recurrent_partition_v1,psx-4a-126450ec6355,single_symbol_env_v1,0.5306748466257669
UNIC,1571,2016-10-06,2023-11-08,11000.0,24598.026734563973,0.0,0.0,0,True,rl_recurrent_partition_v1,psx-4a-126450ec6355,single_symbol_env_v1,0.8936291240045506
UNITY,1493,2017-12-21,2024-01-02,6409681.0,10020449.319490958,0.0,0.0,0,True,rl_recurrent_partition_v1,psx-4a-126450ec6355,single_symbol_env_v1,1.0
UPFL,872,2016-12-30,2025-01-30,40.0,68.54128440366972,0.0,0.0,0,True,rl_recurrent_partition_v1,psx-4a-126450ec6355,single_symbol_env_v1,0.43534697953070395
UVIC,893,2016-11-04,2025-01-10,3500.0,24633.325867861142,0.0,0.0,0,True,rl_recurrent_partition_v1,psx-4a-126450ec6355,single_symbol_env_v1,0.4403353057199211
WAFI,1704,2016-10-06,2023-08-23,91000.0,238234.1261737089,0.0,0.0,0,True,rl_recurrent_partition_v1,psx-4a-126450ec6355,single_symbol_env_v1,1.0
WAHN,1277,2016-10-07,2024-05-16,1700.0,8995.983555207518,0.0,0.0,0,True,rl_recurrent_partition_v1,psx-4a-126450ec6355,single_symbol_env_v1,0.6778131634819533
WAVES,1628,2017-03-10,2023-10-09,489000.0,1206105.343980344,0.0,0.0,0,True,rl_recurrent_partition_v1,psx-4a-126450ec6355,single_symbol_env_v1,1.0
WAVESAPP,1471,2016-10-21,2024-01-15,20000.0,224458.19170632222,0.0,0.0,0,True,rl_recurrent_partition_v1,psx-4a-126450ec6355,single_symbol_env_v1,0.8194986072423398
WTL,1704,2016-10-06,2023-08-23,6410817.5,16828574.812793426,0.0,0.0,0,True,rl_recurrent_partition_v1,psx-4a-126450ec6355,single_symbol_env_v1,1.0
YOUW,1699,2016-10-19,2023-08-25,234000.0,735261.3301942319,0.0,0.0,0,True,rl_recurrent_partition_v1,psx-4a-126450ec6355,single_symbol_env_v1,1.0
ZAHID,1010,2016-10-18,2024-06-26,2500.0,10236.384158415842,0.0,0.0,0,True,rl_recurrent_partition_v1,psx-4a-126450ec6355,single_symbol_env_v1,0.5304621848739496
ZAL,214,2025-05-15,2026-03-18,1085588.5,2377938.831775701,0.0,0.0,0,True,rl_recurrent_partition_v1,psx-4a-126450ec6355,single_symbol_env_v1,1.0
ZIL,1213,2016-11-02,2023-11-21,3000.0,13517.559769167354,0.0,0.0,0,True,rl_recurrent_partition_v1,psx-4a-126450ec6355,single_symbol_env_v1,0.6935391652372784
ZTL,1064,2017-05-02,2024-05-22,5500.0,21935.15037593985,0.0,0.0,0,True,rl_recurrent_partition_v1,psx-4a-126450ec6355,single_symbol_env_v1,0.6093928980526919
