date,weekday,current_state,current_message,attempt_count,response_sizes,raw_html_exists,raw_html_size,historical_table_present,tbody_empty,equity_rows_present,prior_recommendation,previous_successful_local_date,next_successful_local_date,verification_category,confidence,evidence_type,evidence_source_url,evidence_summary,recommended_action
2016-09-12,Monday,temporary_skips,Temporary unavailable after 4 attempts; weekday responses contained no equity rows; eligible for retry,4,903; 903; 903; 903,Yes,903,Yes,Yes,No,likely non-trading/holiday candidate,2016-09-09,2016-09-15,LIKELY_NON_TRADING,medium,Government/banking holiday evidence,https://www.meezanbank.com/public-holidays-eid-ul-azha-2016/,"Historical public-holiday evidence matches the date/cluster, and local successful sessions bracket it on 2016-09-09 and 2016-09-15 with an empty PSX historical table. No date-specific official PSX closure notice was located in this verification pass.",Seek a date-specific PSX notice before reclassification; otherwise retain for manual review.
2016-09-13,Tuesday,temporary_skips,Temporary unavailable after 4 attempts; weekday responses contained no equity rows; eligible for retry,4,903; 903; 903; 903,Yes,903,Yes,Yes,No,likely non-trading/holiday candidate,2016-09-09,2016-09-15,LIKELY_NON_TRADING,medium,Government/banking holiday evidence,https://www.meezanbank.com/public-holidays-eid-ul-azha-2016/,"Historical public-holiday evidence matches the date/cluster, and local successful sessions bracket it on 2016-09-09 and 2016-09-15 with an empty PSX historical table. No date-specific official PSX closure notice was located in this verification pass.",Seek a date-specific PSX notice before reclassification; otherwise retain for manual review.
2016-09-14,Wednesday,temporary_skips,Temporary unavailable after 4 attempts; weekday responses contained no equity rows; eligible for retry,4,903; 903; 903; 903,Yes,903,Yes,Yes,No,likely non-trading/holiday candidate,2016-09-09,2016-09-15,LIKELY_NON_TRADING,medium,Government/banking holiday evidence,https://www.meezanbank.com/public-holidays-eid-ul-azha-2016/,"Historical public-holiday evidence matches the date/cluster, and local successful sessions bracket it on 2016-09-09 and 2016-09-15 with an empty PSX historical table. No date-specific official PSX closure notice was located in this verification pass.",Seek a date-specific PSX notice before reclassification; otherwise retain for manual review.
2016-10-11,Tuesday,temporary_skips,Temporary unavailable after 4 attempts; weekday responses contained no equity rows; eligible for retry,4,903; 903; 903; 903,Yes,903,Yes,Yes,No,likely non-trading/holiday candidate,2016-10-10,2016-10-13,LIKELY_NON_TRADING,medium,Government/banking holiday evidence,https://www.meezanbank.com/public-holidays-eid-ul-azha-2016/,"Historical public-holiday evidence matches the date/cluster, and local successful sessions bracket it on 2016-10-10 and 2016-10-13 with an empty PSX historical table. No date-specific official PSX closure notice was located in this verification pass.",Seek a date-specific PSX notice before reclassification; otherwise retain for manual review.
2016-10-12,Wednesday,temporary_skips,Temporary unavailable after 4 attempts; weekday responses contained no equity rows; eligible for retry,4,903; 903; 903; 903,Yes,903,Yes,Yes,No,likely non-trading/holiday candidate,2016-10-10,2016-10-13,LIKELY_NON_TRADING,medium,Government/banking holiday evidence,https://www.meezanbank.com/public-holidays-eid-ul-azha-2016/,"Historical public-holiday evidence matches the date/cluster, and local successful sessions bracket it on 2016-10-10 and 2016-10-13 with an empty PSX historical table. No date-specific official PSX closure notice was located in this verification pass.",Seek a date-specific PSX notice before reclassification; otherwise retain for manual review.
2016-12-12,Monday,temporary_skips,Temporary unavailable after 4 attempts; weekday responses contained no equity rows; eligible for retry,4,903; 903; 903; 903,Yes,903,Yes,Yes,No,likely non-trading/holiday candidate,2016-12-09,2016-12-13,LIKELY_NON_TRADING,medium,Government/banking holiday evidence,https://www.meezanbank.com/public-holidays-eid-ul-azha-2016/,"Historical public-holiday evidence matches the date/cluster, and local successful sessions bracket it on 2016-12-09 and 2016-12-13 with an empty PSX historical table. No date-specific official PSX closure notice was located in this verification pass.",Seek a date-specific PSX notice before reclassification; otherwise retain for manual review.
2017-03-23,Thursday,temporary_skips,Temporary unavailable after 4 attempts; weekday responses contained no equity rows; eligible for retry,4,903; 903; 903; 903,Yes,903,Yes,Yes,No,likely non-trading/holiday candidate,2017-03-22,2017-03-24,CONFIRMED_NON_TRADING,high,PSX closure notice reported by Business Recorder,https://www.brecorder.com/news/4487845/,PSX notice explicitly says the Exchange was closed for Pakistan Day. Local successful sessions bracket it on 2017-03-22 and 2017-03-24; raw PSX historical response is empty.,Eligible for later state reconciliation as non-trading after human review.
2017-05-01,Monday,temporary_skips,Temporary unavailable after 4 attempts; weekday responses contained no equity rows; eligible for retry,4,903; 903; 903; 903,Yes,903,Yes,Yes,No,likely non-trading/holiday candidate,2017-04-28,2017-05-02,LIKELY_NON_TRADING,medium,Reliable historical Pakistan holiday calendar,https://www.timeanddate.com/holidays/pakistan/2017,"Historical public-holiday evidence matches the date/cluster, and local successful sessions bracket it on 2017-04-28 and 2017-05-02 with an empty PSX historical table. No date-specific official PSX closure notice was located in this verification pass.",Seek a date-specific PSX notice before reclassification; otherwise retain for manual review.
2017-06-23,Friday,temporary_skips,Temporary unavailable after 4 attempts; weekday responses contained no equity rows; eligible for retry,4,903; 903; 903; 903,Yes,903,Yes,Yes,No,likely non-trading/holiday candidate,2017-06-22,2017-06-29,LIKELY_NON_TRADING,medium,Reliable historical Pakistan holiday calendar,https://www.timeanddate.com/holidays/pakistan/2017,"Historical public-holiday evidence matches the date/cluster, and local successful sessions bracket it on 2017-06-22 and 2017-06-29 with an empty PSX historical table. No date-specific official PSX closure notice was located in this verification pass.",Seek a date-specific PSX notice before reclassification; otherwise retain for manual review.
2017-06-26,Monday,temporary_skips,Temporary unavailable after 4 attempts; weekday responses contained no equity rows; eligible for retry,4,903; 903; 903; 903,Yes,903,Yes,Yes,No,likely non-trading/holiday candidate,2017-06-22,2017-06-29,LIKELY_NON_TRADING,medium,Reliable historical Pakistan holiday calendar,https://www.timeanddate.com/holidays/pakistan/2017,"Historical public-holiday evidence matches the date/cluster, and local successful sessions bracket it on 2017-06-22 and 2017-06-29 with an empty PSX historical table. No date-specific official PSX closure notice was located in this verification pass.",Seek a date-specific PSX notice before reclassification; otherwise retain for manual review.
2017-06-27,Tuesday,temporary_skips,Temporary unavailable after 4 attempts; weekday responses contained no equity rows; eligible for retry,4,903; 903; 903; 903,Yes,903,Yes,Yes,No,likely non-trading/holiday candidate,2017-06-22,2017-06-29,LIKELY_NON_TRADING,medium,Reliable historical Pakistan holiday calendar,https://www.timeanddate.com/holidays/pakistan/2017,"Historical public-holiday evidence matches the date/cluster, and local successful sessions bracket it on 2017-06-22 and 2017-06-29 with an empty PSX historical table. No date-specific official PSX closure notice was located in this verification pass.",Seek a date-specific PSX notice before reclassification; otherwise retain for manual review.
2017-06-28,Wednesday,temporary_skips,Temporary unavailable after 4 attempts; weekday responses contained no equity rows; eligible for retry,4,903; 903; 903; 903,Yes,903,Yes,Yes,No,likely non-trading/holiday candidate,2017-06-22,2017-06-29,LIKELY_NON_TRADING,medium,Reliable historical Pakistan holiday calendar,https://www.timeanddate.com/holidays/pakistan/2017,"Historical public-holiday evidence matches the date/cluster, and local successful sessions bracket it on 2017-06-22 and 2017-06-29 with an empty PSX historical table. No date-specific official PSX closure notice was located in this verification pass.",Seek a date-specific PSX notice before reclassification; otherwise retain for manual review.
2017-08-14,Monday,temporary_skips,Temporary unavailable after 4 attempts; weekday responses contained no equity rows; eligible for retry,4,903; 903; 903; 903,Yes,903,Yes,Yes,No,likely non-trading/holiday candidate,2017-08-11,2017-08-15,LIKELY_NON_TRADING,medium,Reliable historical Pakistan holiday calendar,https://www.timeanddate.com/holidays/pakistan/2017,"Historical public-holiday evidence matches the date/cluster, and local successful sessions bracket it on 2017-08-11 and 2017-08-15 with an empty PSX historical table. No date-specific official PSX closure notice was located in this verification pass.",Seek a date-specific PSX notice before reclassification; otherwise retain for manual review.
2017-09-01,Friday,temporary_skips,Temporary unavailable after 4 attempts; weekday responses contained no equity rows; eligible for retry,4,903; 903; 903; 903,Yes,903,Yes,Yes,No,likely non-trading/holiday candidate,2017-08-31,2017-09-05,LIKELY_NON_TRADING,medium,Reliable historical Pakistan holiday calendar,https://www.timeanddate.com/holidays/pakistan/2017,"Historical public-holiday evidence matches the date/cluster, and local successful sessions bracket it on 2017-08-31 and 2017-09-05 with an empty PSX historical table. No date-specific official PSX closure notice was located in this verification pass.",Seek a date-specific PSX notice before reclassification; otherwise retain for manual review.
2017-09-04,Monday,temporary_skips,Temporary unavailable after 4 attempts; weekday responses contained no equity rows; eligible for retry,4,903; 903; 903; 903,Yes,903,Yes,Yes,No,likely non-trading/holiday candidate,2017-08-31,2017-09-05,LIKELY_NON_TRADING,medium,Reliable historical Pakistan holiday calendar,https://www.timeanddate.com/holidays/pakistan/2017,"Historical public-holiday evidence matches the date/cluster, and local successful sessions bracket it on 2017-08-31 and 2017-09-05 with an empty PSX historical table. No date-specific official PSX closure notice was located in this verification pass.",Seek a date-specific PSX notice before reclassification; otherwise retain for manual review.
2017-12-01,Friday,temporary_skips,Temporary unavailable after 4 attempts; weekday responses contained no equity rows; eligible for retry,4,903; 903; 903; 903,Yes,903,Yes,Yes,No,likely non-trading/holiday candidate,2017-11-30,2017-12-04,LIKELY_NON_TRADING,medium,Reliable historical Pakistan holiday calendar,https://www.timeanddate.com/holidays/pakistan/2017,"Historical public-holiday evidence matches the date/cluster, and local successful sessions bracket it on 2017-11-30 and 2017-12-04 with an empty PSX historical table. No date-specific official PSX closure notice was located in this verification pass.",Seek a date-specific PSX notice before reclassification; otherwise retain for manual review.
2017-12-25,Monday,temporary_skips,Temporary unavailable after 4 attempts; weekday responses contained no equity rows; eligible for retry,4,903; 903; 903; 903,Yes,903,Yes,Yes,No,likely non-trading/holiday candidate,2017-12-22,2017-12-26,LIKELY_NON_TRADING,medium,Reliable historical Pakistan holiday calendar,https://www.timeanddate.com/holidays/pakistan/2017,"Historical public-holiday evidence matches the date/cluster, and local successful sessions bracket it on 2017-12-22 and 2017-12-26 with an empty PSX historical table. No date-specific official PSX closure notice was located in this verification pass.",Seek a date-specific PSX notice before reclassification; otherwise retain for manual review.
2018-02-05,Monday,temporary_skips,Temporary unavailable after 4 attempts; weekday responses contained no equity rows; eligible for retry,4,903; 903; 903; 903,Yes,903,Yes,Yes,No,likely non-trading/holiday candidate,2018-02-02,2018-02-06,LIKELY_NON_TRADING,medium,Government gazetted-holiday record,https://bhc.gov.pk/public-desk/gazetted-holidays/2018,"Historical public-holiday evidence matches the date/cluster, and local successful sessions bracket it on 2018-02-02 and 2018-02-06 with an empty PSX historical table. No date-specific official PSX closure notice was located in this verification pass.",Seek a date-specific PSX notice before reclassification; otherwise retain for manual review.
2018-03-23,Friday,temporary_skips,Temporary unavailable after 4 attempts; weekday responses contained no equity rows; eligible for retry,4,903; 903; 903; 903,Yes,903,Yes,Yes,No,likely non-trading/holiday candidate,2018-03-22,2018-03-26,LIKELY_NON_TRADING,medium,Government gazetted-holiday record,https://bhc.gov.pk/public-desk/gazetted-holidays/2018,"Historical public-holiday evidence matches the date/cluster, and local successful sessions bracket it on 2018-03-22 and 2018-03-26 with an empty PSX historical table. No date-specific official PSX closure notice was located in this verification pass.",Seek a date-specific PSX notice before reclassification; otherwise retain for manual review.
2018-05-01,Tuesday,temporary_skips,Temporary unavailable after 4 attempts; weekday responses contained no equity rows; eligible for retry,4,903; 903; 903; 903,Yes,903,Yes,Yes,No,likely non-trading/holiday candidate,2018-04-30,2018-05-02,LIKELY_NON_TRADING,medium,Government gazetted-holiday record,https://bhc.gov.pk/public-desk/gazetted-holidays/2018,"Historical public-holiday evidence matches the date/cluster, and local successful sessions bracket it on 2018-04-30 and 2018-05-02 with an empty PSX historical table. No date-specific official PSX closure notice was located in this verification pass.",Seek a date-specific PSX notice before reclassification; otherwise retain for manual review.
2018-06-08,Friday,temporary_skips,Temporary unavailable after 4 attempts; weekday responses contained no equity rows; eligible for retry,4,903; 903; 903; 903,Yes,903,Yes,Yes,No,likely non-trading/holiday candidate,2018-06-07,2018-06-11,LIKELY_NON_TRADING,medium,Government gazetted-holiday record,https://bhc.gov.pk/public-desk/gazetted-holidays/2018,"Historical public-holiday evidence matches the date/cluster, and local successful sessions bracket it on 2018-06-07 and 2018-06-11 with an empty PSX historical table. No date-specific official PSX closure notice was located in this verification pass.",Seek a date-specific PSX notice before reclassification; otherwise retain for manual review.
2018-06-15,Friday,temporary_skips,Temporary unavailable after 4 attempts; weekday responses contained no equity rows; eligible for retry,4,903; 903; 903; 903,Yes,903,Yes,Yes,No,likely non-trading/holiday candidate,2018-06-14,2018-06-19,CONFIRMED_NON_TRADING,high,PSX closure notice reported by Business Recorder,https://www.brecorder.com/news/4610266/psx-holidays-20180614381855,PSX notice explicitly covers the Eid-ul-Fitr closure through 18 June. Local successful sessions bracket it on 2018-06-14 and 2018-06-19; raw PSX historical response is empty.,Eligible for later state reconciliation as non-trading after human review.
2018-06-18,Monday,temporary_skips,Temporary unavailable after 4 attempts; weekday responses contained no equity rows; eligible for retry,4,903; 903; 903; 903,Yes,903,Yes,Yes,No,likely non-trading/holiday candidate,2018-06-14,2018-06-19,CONFIRMED_NON_TRADING,high,PSX closure notice reported by Business Recorder,https://www.brecorder.com/news/4610266/psx-holidays-20180614381855,PSX notice explicitly covers the Eid-ul-Fitr closure through 18 June. Local successful sessions bracket it on 2018-06-14 and 2018-06-19; raw PSX historical response is empty.,Eligible for later state reconciliation as non-trading after human review.
2018-07-25,Wednesday,temporary_skips,Temporary unavailable after 4 attempts; weekday responses contained no equity rows; eligible for retry,4,903; 903; 903; 903,Yes,903,Yes,Yes,No,likely non-trading/holiday candidate,2018-07-24,2018-07-26,CONFIRMED_NON_TRADING,high,PSX closure notice reported by Business Recorder,https://www.brecorder.com/news/4620294/psx-holiday-20180724393276,PSX notice explicitly says the Exchange was closed for the general-election public holiday. Local successful sessions bracket it on 2018-07-24 and 2018-07-26; raw PSX historical response is empty.,Eligible for later state reconciliation as non-trading after human review.
2018-08-14,Tuesday,temporary_skips,Temporary unavailable after 4 attempts; weekday responses contained no equity rows; eligible for retry,4,903; 903; 903; 903,Yes,903,Yes,Yes,No,likely non-trading/holiday candidate,2018-08-13,2018-08-15,LIKELY_NON_TRADING,medium,Government gazetted-holiday record,https://bhc.gov.pk/public-desk/gazetted-holidays/2018,"Historical public-holiday evidence matches the date/cluster, and local successful sessions bracket it on 2018-08-13 and 2018-08-15 with an empty PSX historical table. No date-specific official PSX closure notice was located in this verification pass.",Seek a date-specific PSX notice before reclassification; otherwise retain for manual review.
2018-08-21,Tuesday,temporary_skips,Temporary unavailable after 4 attempts; weekday responses contained no equity rows; eligible for retry,4,903; 903; 903; 903,Yes,903,Yes,Yes,No,likely non-trading/holiday candidate,2018-08-20,2018-08-24,CONFIRMED_NON_TRADING,high,PSX closure notice reported by Business Recorder,https://www.brecorder.com/news/4626664,PSX notice explicitly covers the Eid-ul-Azha closure. Local successful sessions bracket it on 2018-08-20 and 2018-08-24; raw PSX historical response is empty.,Eligible for later state reconciliation as non-trading after human review.
2018-08-22,Wednesday,temporary_skips,Temporary unavailable after 4 attempts; weekday responses contained no equity rows; eligible for retry,4,903; 903; 903; 903,Yes,903,Yes,Yes,No,likely non-trading/holiday candidate,2018-08-20,2018-08-24,CONFIRMED_NON_TRADING,high,PSX closure notice reported by Business Recorder,https://www.brecorder.com/news/4626664,PSX notice explicitly covers the Eid-ul-Azha closure. Local successful sessions bracket it on 2018-08-20 and 2018-08-24; raw PSX historical response is empty.,Eligible for later state reconciliation as non-trading after human review.
2018-08-23,Thursday,temporary_skips,Temporary unavailable after 4 attempts; weekday responses contained no equity rows; eligible for retry,4,903; 903; 903; 903,Yes,903,Yes,Yes,No,likely non-trading/holiday candidate,2018-08-20,2018-08-24,CONFIRMED_NON_TRADING,high,PSX closure notice reported by Business Recorder,https://www.brecorder.com/news/4626664,PSX notice explicitly covers the Eid-ul-Azha closure. Local successful sessions bracket it on 2018-08-20 and 2018-08-24; raw PSX historical response is empty.,Eligible for later state reconciliation as non-trading after human review.
2018-09-20,Thursday,temporary_skips,Temporary unavailable after 4 attempts; weekday responses contained no equity rows; eligible for retry,4,903; 903; 903; 903,Yes,903,Yes,Yes,No,likely non-trading/holiday candidate,2018-09-19,2018-09-24,LIKELY_NON_TRADING,medium,Government gazetted-holiday record,https://bhc.gov.pk/public-desk/gazetted-holidays/2018,"Historical public-holiday evidence matches the date/cluster, and local successful sessions bracket it on 2018-09-19 and 2018-09-24 with an empty PSX historical table. No date-specific official PSX closure notice was located in this verification pass.",Seek a date-specific PSX notice before reclassification; otherwise retain for manual review.
2018-09-21,Friday,temporary_skips,Temporary unavailable after 4 attempts; weekday responses contained no equity rows; eligible for retry,4,903; 903; 903; 903,Yes,903,Yes,Yes,No,likely non-trading/holiday candidate,2018-09-19,2018-09-24,LIKELY_NON_TRADING,medium,Government gazetted-holiday record,https://bhc.gov.pk/public-desk/gazetted-holidays/2018,"Historical public-holiday evidence matches the date/cluster, and local successful sessions bracket it on 2018-09-19 and 2018-09-24 with an empty PSX historical table. No date-specific official PSX closure notice was located in this verification pass.",Seek a date-specific PSX notice before reclassification; otherwise retain for manual review.
2018-11-21,Wednesday,temporary_skips,Temporary unavailable after 4 attempts; weekday responses contained no equity rows; eligible for retry,4,903; 903; 903; 903,Yes,903,Yes,Yes,No,likely non-trading/holiday candidate,2018-11-20,2018-11-22,LIKELY_NON_TRADING,medium,Government gazetted-holiday record,https://bhc.gov.pk/public-desk/gazetted-holidays/2018,"Historical public-holiday evidence matches the date/cluster, and local successful sessions bracket it on 2018-11-20 and 2018-11-22 with an empty PSX historical table. No date-specific official PSX closure notice was located in this verification pass.",Seek a date-specific PSX notice before reclassification; otherwise retain for manual review.
2018-12-25,Tuesday,temporary_skips,Temporary unavailable after 4 attempts; weekday responses contained no equity rows; eligible for retry,4,903; 903; 903; 903,Yes,903,Yes,Yes,No,likely non-trading/holiday candidate,2018-12-24,2018-12-26,LIKELY_NON_TRADING,medium,Government gazetted-holiday record,https://bhc.gov.pk/public-desk/gazetted-holidays/2018,"Historical public-holiday evidence matches the date/cluster, and local successful sessions bracket it on 2018-12-24 and 2018-12-26 with an empty PSX historical table. No date-specific official PSX closure notice was located in this verification pass.",Seek a date-specific PSX notice before reclassification; otherwise retain for manual review.
2019-02-05,Tuesday,temporary_skips,Temporary unavailable after 4 attempts; weekday responses contained no equity rows; eligible for retry,4,903; 903; 903; 903,Yes,903,Yes,Yes,No,likely non-trading/holiday candidate,2019-02-04,2019-02-06,LIKELY_NON_TRADING,medium,Reliable historical Pakistan holiday calendar,https://www.timeanddate.com/holidays/pakistan/2019,"Historical public-holiday evidence matches the date/cluster, and local successful sessions bracket it on 2019-02-04 and 2019-02-06 with an empty PSX historical table. No date-specific official PSX closure notice was located in this verification pass.",Seek a date-specific PSX notice before reclassification; otherwise retain for manual review.
2019-05-01,Wednesday,temporary_skips,Temporary unavailable after 4 attempts; weekday responses contained no equity rows; eligible for retry,4,903; 903; 903; 903,Yes,903,Yes,Yes,No,likely non-trading/holiday candidate,2019-04-30,2019-05-02,LIKELY_NON_TRADING,medium,Reliable historical Pakistan holiday calendar,https://www.timeanddate.com/holidays/pakistan/2019,"Historical public-holiday evidence matches the date/cluster, and local successful sessions bracket it on 2019-04-30 and 2019-05-02 with an empty PSX historical table. No date-specific official PSX closure notice was located in this verification pass.",Seek a date-specific PSX notice before reclassification; otherwise retain for manual review.
2019-05-31,Friday,temporary_skips,Temporary unavailable after 4 attempts; weekday responses contained no equity rows; eligible for retry,4,903; 903; 903; 903,Yes,903,Yes,Yes,No,likely non-trading/holiday candidate,2019-05-30,2019-06-03,CONFIRMED_NON_TRADING,high,PSX closure notice reported by Mettis Global,https://mettisglobal.news/psx-to-remain-closed-on-friday,PSX notice explicitly closes the Exchange for Juma-tul-Wida. Local successful sessions bracket it on 2019-05-30 and 2019-06-03; raw PSX historical response is empty.,Eligible for later state reconciliation as non-trading after human review.
2019-06-04,Tuesday,temporary_skips,Temporary unavailable after 4 attempts; weekday responses contained no equity rows; eligible for retry,4,903; 903; 903; 903,Yes,903,Yes,Yes,No,likely non-trading/holiday candidate,2019-06-03,2019-06-10,CONFIRMED_NON_TRADING,high,Contemporaneous PSX market report,https://profit.pakistantoday.com.pk/2019/06/03/psx-plunges-469-points-ahead-of-eid,Contemporaneous market report states trading was suspended 4–7 June for Eid-ul-Fitr. Local successful sessions bracket it on 2019-06-03 and 2019-06-10; raw PSX historical response is empty.,Eligible for later state reconciliation as non-trading after human review.
2019-06-05,Wednesday,temporary_skips,Temporary unavailable after 4 attempts; weekday responses contained no equity rows; eligible for retry,4,903; 903; 903; 903,Yes,903,Yes,Yes,No,likely non-trading/holiday candidate,2019-06-03,2019-06-10,CONFIRMED_NON_TRADING,high,Contemporaneous PSX market report,https://profit.pakistantoday.com.pk/2019/06/03/psx-plunges-469-points-ahead-of-eid,Contemporaneous market report states trading was suspended 4–7 June for Eid-ul-Fitr. Local successful sessions bracket it on 2019-06-03 and 2019-06-10; raw PSX historical response is empty.,Eligible for later state reconciliation as non-trading after human review.
2019-06-06,Thursday,temporary_skips,Temporary unavailable after 4 attempts; weekday responses contained no equity rows; eligible for retry,4,903; 903; 903; 903,Yes,903,Yes,Yes,No,likely non-trading/holiday candidate,2019-06-03,2019-06-10,CONFIRMED_NON_TRADING,high,Contemporaneous PSX market report,https://profit.pakistantoday.com.pk/2019/06/03/psx-plunges-469-points-ahead-of-eid,Contemporaneous market report states trading was suspended 4–7 June for Eid-ul-Fitr. Local successful sessions bracket it on 2019-06-03 and 2019-06-10; raw PSX historical response is empty.,Eligible for later state reconciliation as non-trading after human review.
2019-06-07,Friday,temporary_skips,Temporary unavailable after 4 attempts; weekday responses contained no equity rows; eligible for retry,4,903; 903; 903; 903,Yes,903,Yes,Yes,No,likely non-trading/holiday candidate,2019-06-03,2019-06-10,CONFIRMED_NON_TRADING,high,Contemporaneous PSX market report,https://profit.pakistantoday.com.pk/2019/06/03/psx-plunges-469-points-ahead-of-eid,Contemporaneous market report states trading was suspended 4–7 June for Eid-ul-Fitr. Local successful sessions bracket it on 2019-06-03 and 2019-06-10; raw PSX historical response is empty.,Eligible for later state reconciliation as non-trading after human review.
2019-08-12,Monday,temporary_skips,Temporary unavailable after 4 attempts; weekday responses contained no equity rows; eligible for retry,4,903; 903; 903; 903,Yes,903,Yes,Yes,No,likely non-trading/holiday candidate,2019-08-09,2019-08-16,CONFIRMED_NON_TRADING,high,PSX closure notice reported by Mettis Global,https://mettisglobal.news/sbp-psx-announce-eid-ul-adha-holidays,Contemporaneous report states PSX was closed 12–15 August. Local successful sessions bracket it on 2019-08-09 and 2019-08-16; raw PSX historical response is empty.,Eligible for later state reconciliation as non-trading after human review.
2019-08-13,Tuesday,temporary_skips,Temporary unavailable after 4 attempts; weekday responses contained no equity rows; eligible for retry,4,903; 903; 903; 903,Yes,903,Yes,Yes,No,likely non-trading/holiday candidate,2019-08-09,2019-08-16,CONFIRMED_NON_TRADING,high,PSX closure notice reported by Mettis Global,https://mettisglobal.news/sbp-psx-announce-eid-ul-adha-holidays,Contemporaneous report states PSX was closed 12–15 August. Local successful sessions bracket it on 2019-08-09 and 2019-08-16; raw PSX historical response is empty.,Eligible for later state reconciliation as non-trading after human review.
2019-08-14,Wednesday,temporary_skips,Temporary unavailable after 4 attempts; weekday responses contained no equity rows; eligible for retry,4,903; 903; 903; 903,Yes,903,Yes,Yes,No,likely non-trading/holiday candidate,2019-08-09,2019-08-16,CONFIRMED_NON_TRADING,high,PSX closure notice reported by Mettis Global,https://mettisglobal.news/sbp-psx-announce-eid-ul-adha-holidays,Contemporaneous report states PSX was closed 12–15 August. Local successful sessions bracket it on 2019-08-09 and 2019-08-16; raw PSX historical response is empty.,Eligible for later state reconciliation as non-trading after human review.
2019-08-15,Thursday,temporary_skips,Temporary unavailable after 4 attempts; weekday responses contained no equity rows; eligible for retry,4,903; 903; 903; 903,Yes,903,Yes,Yes,No,likely non-trading/holiday candidate,2019-08-09,2019-08-16,CONFIRMED_NON_TRADING,high,PSX closure notice reported by Mettis Global,https://mettisglobal.news/sbp-psx-announce-eid-ul-adha-holidays,Contemporaneous report states PSX was closed 12–15 August. Local successful sessions bracket it on 2019-08-09 and 2019-08-16; raw PSX historical response is empty.,Eligible for later state reconciliation as non-trading after human review.
2019-09-09,Monday,temporary_skips,Temporary unavailable after 4 attempts; weekday responses contained no equity rows; eligible for retry,4,903; 903; 903; 903,Yes,903,Yes,Yes,No,likely non-trading/holiday candidate,2019-09-06,2019-09-11,LIKELY_NON_TRADING,medium,Reliable historical Pakistan holiday calendar,https://www.timeanddate.com/holidays/pakistan/2019,"Historical public-holiday evidence matches the date/cluster, and local successful sessions bracket it on 2019-09-06 and 2019-09-11 with an empty PSX historical table. No date-specific official PSX closure notice was located in this verification pass.",Seek a date-specific PSX notice before reclassification; otherwise retain for manual review.
2019-09-10,Tuesday,temporary_skips,Temporary unavailable after 4 attempts; weekday responses contained no equity rows; eligible for retry,4,903; 903; 903; 903,Yes,903,Yes,Yes,No,likely non-trading/holiday candidate,2019-09-06,2019-09-11,LIKELY_NON_TRADING,medium,Reliable historical Pakistan holiday calendar,https://www.timeanddate.com/holidays/pakistan/2019,"Historical public-holiday evidence matches the date/cluster, and local successful sessions bracket it on 2019-09-06 and 2019-09-11 with an empty PSX historical table. No date-specific official PSX closure notice was located in this verification pass.",Seek a date-specific PSX notice before reclassification; otherwise retain for manual review.
2019-12-25,Wednesday,temporary_skips,Temporary unavailable after 4 attempts; weekday responses contained no equity rows; eligible for retry,4,903; 903; 903; 903,Yes,903,Yes,Yes,No,likely non-trading/holiday candidate,2019-12-24,2019-12-26,LIKELY_NON_TRADING,medium,Reliable historical Pakistan holiday calendar,https://www.timeanddate.com/holidays/pakistan/2019,"Historical public-holiday evidence matches the date/cluster, and local successful sessions bracket it on 2019-12-24 and 2019-12-26 with an empty PSX historical table. No date-specific official PSX closure notice was located in this verification pass.",Seek a date-specific PSX notice before reclassification; otherwise retain for manual review.
2020-02-05,Wednesday,temporary_skips,Temporary unavailable after 4 attempts; weekday responses contained no equity rows; eligible for retry,4,903; 903; 903; 903,Yes,903,Yes,Yes,No,likely non-trading/holiday candidate,2020-02-04,2020-02-06,CONFIRMED_NON_TRADING,high,Official PSX annual holiday calendar,https://dps.psx.com.pk/download/attachment/140396-1.pdf,Date appears in the official PSX 2020 holiday calendar. Local successful sessions bracket it on 2020-02-04 and 2020-02-06; raw PSX historical response is empty.,Eligible for later state reconciliation as non-trading after human review.
2020-03-23,Monday,temporary_skips,Temporary unavailable after 4 attempts; weekday responses contained no equity rows; eligible for retry,4,903; 903; 903; 903,Yes,903,Yes,Yes,No,likely non-trading/holiday candidate,2020-03-20,2020-03-24,CONFIRMED_NON_TRADING,high,Official PSX annual holiday calendar,https://dps.psx.com.pk/download/attachment/140396-1.pdf,Date appears in the official PSX 2020 holiday calendar. Local successful sessions bracket it on 2020-03-20 and 2020-03-24; raw PSX historical response is empty.,Eligible for later state reconciliation as non-trading after human review.
2020-05-01,Friday,temporary_skips,Temporary unavailable after 4 attempts; weekday responses contained no equity rows; eligible for retry,4,903; 903; 903; 903,Yes,903,Yes,Yes,No,likely non-trading/holiday candidate,2020-04-30,2020-05-04,CONFIRMED_NON_TRADING,high,Official PSX annual holiday calendar,https://dps.psx.com.pk/download/attachment/140396-1.pdf,Date appears in the official PSX 2020 holiday calendar. Local successful sessions bracket it on 2020-04-30 and 2020-05-04; raw PSX historical response is empty.,Eligible for later state reconciliation as non-trading after human review.
2020-05-22,Friday,temporary_skips,Temporary unavailable after 4 attempts; weekday responses contained no equity rows; eligible for retry,4,903; 903; 903; 903,Yes,903,Yes,Yes,No,likely non-trading/holiday candidate,2020-05-21,2020-05-28,CONFIRMED_NON_TRADING,high,Official PSX annual holiday calendar,https://dps.psx.com.pk/download/attachment/140396-1.pdf,Date appears in the official PSX 2020 holiday calendar. Local successful sessions bracket it on 2020-05-21 and 2020-05-28; raw PSX historical response is empty.,Eligible for later state reconciliation as non-trading after human review.
2020-05-25,Monday,temporary_skips,Temporary unavailable after 4 attempts; weekday responses contained no equity rows; eligible for retry,4,903; 903; 903; 903,Yes,903,Yes,Yes,No,likely non-trading/holiday candidate,2020-05-21,2020-05-28,CONFIRMED_NON_TRADING,high,Official PSX annual holiday calendar,https://dps.psx.com.pk/download/attachment/140396-1.pdf,Date appears in the official PSX 2020 holiday calendar. Local successful sessions bracket it on 2020-05-21 and 2020-05-28; raw PSX historical response is empty.,Eligible for later state reconciliation as non-trading after human review.
2020-05-26,Tuesday,temporary_skips,Temporary unavailable after 4 attempts; weekday responses contained no equity rows; eligible for retry,4,903; 903; 903; 903,Yes,903,Yes,Yes,No,likely non-trading/holiday candidate,2020-05-21,2020-05-28,CONFIRMED_NON_TRADING,high,Official PSX annual holiday calendar,https://dps.psx.com.pk/download/attachment/140396-1.pdf,Date appears in the official PSX 2020 holiday calendar. Local successful sessions bracket it on 2020-05-21 and 2020-05-28; raw PSX historical response is empty.,Eligible for later state reconciliation as non-trading after human review.
2020-05-27,Wednesday,temporary_skips,Temporary unavailable after 4 attempts; weekday responses contained no equity rows; eligible for retry,4,903; 903; 903; 903,Yes,903,Yes,Yes,No,likely non-trading/holiday candidate,2020-05-21,2020-05-28,CONFIRMED_NON_TRADING,high,Official PSX annual holiday calendar,https://dps.psx.com.pk/download/attachment/140396-1.pdf,Date appears in the official PSX 2020 holiday calendar. Local successful sessions bracket it on 2020-05-21 and 2020-05-28; raw PSX historical response is empty.,Eligible for later state reconciliation as non-trading after human review.
2020-07-31,Friday,temporary_skips,Temporary unavailable after 4 attempts; weekday responses contained no equity rows; eligible for retry,4,903; 903; 903; 903,Yes,903,Yes,Yes,No,likely non-trading/holiday candidate,2020-07-30,2020-08-03,CONFIRMED_NON_TRADING,high,Official PSX annual holiday calendar,https://dps.psx.com.pk/download/attachment/140396-1.pdf,Date appears in the official PSX 2020 holiday calendar. Local successful sessions bracket it on 2020-07-30 and 2020-08-03; raw PSX historical response is empty.,Eligible for later state reconciliation as non-trading after human review.
2020-08-14,Friday,temporary_skips,Temporary unavailable after 4 attempts; weekday responses contained no equity rows; eligible for retry,4,903; 903; 903; 903,Yes,903,Yes,Yes,No,likely non-trading/holiday candidate,2020-08-13,2020-08-17,CONFIRMED_NON_TRADING,high,Official PSX annual holiday calendar,https://dps.psx.com.pk/download/attachment/140396-1.pdf,Date appears in the official PSX 2020 holiday calendar. Local successful sessions bracket it on 2020-08-13 and 2020-08-17; raw PSX historical response is empty.,Eligible for later state reconciliation as non-trading after human review.
2020-10-30,Friday,temporary_skips,Temporary unavailable after 4 attempts; weekday responses contained no equity rows; eligible for retry,4,903; 903; 903; 903,Yes,903,Yes,Yes,No,likely non-trading/holiday candidate,2020-10-29,2020-11-02,CONFIRMED_NON_TRADING,high,Official PSX annual holiday calendar,https://dps.psx.com.pk/download/attachment/140396-1.pdf,Date appears in the official PSX 2020 holiday calendar. Local successful sessions bracket it on 2020-10-29 and 2020-11-02; raw PSX historical response is empty.,Eligible for later state reconciliation as non-trading after human review.
2020-12-25,Friday,temporary_skips,Temporary unavailable after 4 attempts; weekday responses contained no equity rows; eligible for retry,4,903; 903; 903; 903,Yes,903,Yes,Yes,No,likely non-trading/holiday candidate,2020-12-24,2020-12-28,CONFIRMED_NON_TRADING,high,Official PSX annual holiday calendar,https://dps.psx.com.pk/download/attachment/140396-1.pdf,Date appears in the official PSX 2020 holiday calendar. Local successful sessions bracket it on 2020-12-24 and 2020-12-28; raw PSX historical response is empty.,Eligible for later state reconciliation as non-trading after human review.
2021-02-05,Friday,temporary_skips,Temporary unavailable after 4 attempts; weekday responses contained no equity rows; eligible for retry,4,903; 903; 903; 903,Yes,903,Yes,Yes,No,likely non-trading/holiday candidate,2021-02-04,2021-02-08,CONFIRMED_NON_TRADING,high,Official PSX annual holiday calendar,https://dps.psx.com.pk/download/attachment/158530-1.pdf,Date appears in the official PSX 2021 holiday calendar. Local successful sessions bracket it on 2021-02-04 and 2021-02-08; raw PSX historical response is empty.,Eligible for later state reconciliation as non-trading after human review.
2021-03-23,Tuesday,temporary_skips,Temporary unavailable after 4 attempts; weekday responses contained no equity rows; eligible for retry,4,903; 903; 903; 903,Yes,903,Yes,Yes,No,likely non-trading/holiday candidate,2021-03-22,2021-03-24,CONFIRMED_NON_TRADING,high,Official PSX annual holiday calendar,https://dps.psx.com.pk/download/attachment/158530-1.pdf,Date appears in the official PSX 2021 holiday calendar. Local successful sessions bracket it on 2021-03-22 and 2021-03-24; raw PSX historical response is empty.,Eligible for later state reconciliation as non-trading after human review.
2021-05-07,Friday,temporary_skips,Temporary unavailable after 4 attempts; weekday responses contained no equity rows; eligible for retry,4,903; 903; 903; 903,Yes,903,Yes,Yes,No,likely non-trading/holiday candidate,2021-05-06,2021-05-17,CONFIRMED_NON_TRADING,high,PSX closure notice reported by Business Recorder,https://www.brecorder.com/news/40090705/psx-announces-eid-holidays,Official/reported PSX closure evidence covers this Eid shutdown date. Local successful sessions bracket it on 2021-05-06 and 2021-05-17; raw PSX historical response is empty.,Eligible for later state reconciliation as non-trading after human review.
2021-05-10,Monday,temporary_skips,Temporary unavailable after 4 attempts; weekday responses contained no equity rows; eligible for retry,4,903; 903; 903; 903,Yes,903,Yes,Yes,No,likely non-trading/holiday candidate,2021-05-06,2021-05-17,CONFIRMED_NON_TRADING,high,Official PSX Eid closure notice,https://dps.psx.com.pk/download/attachment/166764-1.pdf,Official/reported PSX closure evidence covers this Eid shutdown date. Local successful sessions bracket it on 2021-05-06 and 2021-05-17; raw PSX historical response is empty.,Eligible for later state reconciliation as non-trading after human review.
2021-05-11,Tuesday,temporary_skips,Temporary unavailable after 4 attempts; weekday responses contained no equity rows; eligible for retry,4,903; 903; 903; 903,Yes,903,Yes,Yes,No,likely non-trading/holiday candidate,2021-05-06,2021-05-17,CONFIRMED_NON_TRADING,high,Official PSX Eid closure notice,https://dps.psx.com.pk/download/attachment/166764-1.pdf,Official/reported PSX closure evidence covers this Eid shutdown date. Local successful sessions bracket it on 2021-05-06 and 2021-05-17; raw PSX historical response is empty.,Eligible for later state reconciliation as non-trading after human review.
2021-05-12,Wednesday,temporary_skips,Temporary unavailable after 4 attempts; weekday responses contained no equity rows; eligible for retry,4,903; 903; 903; 903,Yes,903,Yes,Yes,No,likely non-trading/holiday candidate,2021-05-06,2021-05-17,CONFIRMED_NON_TRADING,high,Official PSX Eid closure notice,https://dps.psx.com.pk/download/attachment/166764-1.pdf,Official/reported PSX closure evidence covers this Eid shutdown date. Local successful sessions bracket it on 2021-05-06 and 2021-05-17; raw PSX historical response is empty.,Eligible for later state reconciliation as non-trading after human review.
2021-05-13,Thursday,temporary_skips,Temporary unavailable after 4 attempts; weekday responses contained no equity rows; eligible for retry,4,903; 903; 903; 903,Yes,903,Yes,Yes,No,likely non-trading/holiday candidate,2021-05-06,2021-05-17,CONFIRMED_NON_TRADING,high,Official PSX Eid closure notice,https://dps.psx.com.pk/download/attachment/166764-1.pdf,Official/reported PSX closure evidence covers this Eid shutdown date. Local successful sessions bracket it on 2021-05-06 and 2021-05-17; raw PSX historical response is empty.,Eligible for later state reconciliation as non-trading after human review.
2021-05-14,Friday,temporary_skips,Temporary unavailable after 4 attempts; weekday responses contained no equity rows; eligible for retry,4,903; 903; 903; 903,Yes,903,Yes,Yes,No,likely non-trading/holiday candidate,2021-05-06,2021-05-17,CONFIRMED_NON_TRADING,high,Official PSX Eid closure notice,https://dps.psx.com.pk/download/attachment/166764-1.pdf,Official/reported PSX closure evidence covers this Eid shutdown date. Local successful sessions bracket it on 2021-05-06 and 2021-05-17; raw PSX historical response is empty.,Eligible for later state reconciliation as non-trading after human review.
2021-07-20,Tuesday,temporary_skips,Temporary unavailable after 4 attempts; weekday responses contained no equity rows; eligible for retry,4,903; 903; 903; 903,Yes,903,Yes,Yes,No,likely non-trading/holiday candidate,2021-07-19,2021-07-23,CONFIRMED_NON_TRADING,high,Official PSX Eid-ul-Azha closure notice,https://dps.psx.com.pk/download/attachment/169420-1.pdf,Official PSX notice explicitly covers this Eid-ul-Azha closure date. Local successful sessions bracket it on 2021-07-19 and 2021-07-23; raw PSX historical response is empty.,Eligible for later state reconciliation as non-trading after human review.
2021-07-21,Wednesday,temporary_skips,Temporary unavailable after 4 attempts; weekday responses contained no equity rows; eligible for retry,4,903; 903; 903; 903,Yes,903,Yes,Yes,No,likely non-trading/holiday candidate,2021-07-19,2021-07-23,CONFIRMED_NON_TRADING,high,Official PSX Eid-ul-Azha closure notice,https://dps.psx.com.pk/download/attachment/169420-1.pdf,Official PSX notice explicitly covers this Eid-ul-Azha closure date. Local successful sessions bracket it on 2021-07-19 and 2021-07-23; raw PSX historical response is empty.,Eligible for later state reconciliation as non-trading after human review.
2021-07-22,Thursday,temporary_skips,Temporary unavailable after 4 attempts; weekday responses contained no equity rows; eligible for retry,4,903; 903; 903; 903,Yes,903,Yes,Yes,No,likely non-trading/holiday candidate,2021-07-19,2021-07-23,CONFIRMED_NON_TRADING,high,Official PSX Eid-ul-Azha closure notice,https://dps.psx.com.pk/download/attachment/169420-1.pdf,Official PSX notice explicitly covers this Eid-ul-Azha closure date. Local successful sessions bracket it on 2021-07-19 and 2021-07-23; raw PSX historical response is empty.,Eligible for later state reconciliation as non-trading after human review.
2021-08-18,Wednesday,temporary_skips,Temporary unavailable after 4 attempts; weekday responses contained no equity rows; eligible for retry,4,903; 903; 903; 903,Yes,903,Yes,Yes,No,likely non-trading/holiday candidate,2021-08-17,2021-08-20,CONFIRMED_NON_TRADING,high,Official PSX annual holiday calendar,https://dps.psx.com.pk/download/attachment/158530-1.pdf,Date appears in the official PSX 2021 holiday calendar. Local successful sessions bracket it on 2021-08-17 and 2021-08-20; raw PSX historical response is empty.,Eligible for later state reconciliation as non-trading after human review.
2021-08-19,Thursday,temporary_skips,Temporary unavailable after 4 attempts; weekday responses contained no equity rows; eligible for retry,4,903; 903; 903; 903,Yes,903,Yes,Yes,No,likely non-trading/holiday candidate,2021-08-17,2021-08-20,CONFIRMED_NON_TRADING,high,Official PSX annual holiday calendar,https://dps.psx.com.pk/download/attachment/158530-1.pdf,Date appears in the official PSX 2021 holiday calendar. Local successful sessions bracket it on 2021-08-17 and 2021-08-20; raw PSX historical response is empty.,Eligible for later state reconciliation as non-trading after human review.
2022-03-23,Wednesday,temporary_skips,Temporary unavailable after 4 attempts; weekday responses contained no equity rows; eligible for retry,4,903; 903; 903; 903,Yes,903,Yes,Yes,No,likely non-trading/holiday candidate,2022-03-22,2022-03-24,CONFIRMED_NON_TRADING,high,Official PSX annual holiday calendar,https://dps.psx.com.pk/download/attachment/180241-1.pdf,Date appears in the official PSX 2022 holiday calendar. Local successful sessions bracket it on 2022-03-22 and 2022-03-24; raw PSX historical response is empty.,Eligible for later state reconciliation as non-trading after human review.
2022-04-29,Friday,temporary_skips,Temporary unavailable after 4 attempts; weekday responses contained no equity rows; eligible for retry,4,903; 903; 903; 903,Yes,903,Yes,Yes,No,likely non-trading/holiday candidate,2022-04-28,2022-05-06,CONFIRMED_NON_TRADING,high,Official PSX annual holiday calendar,https://dps.psx.com.pk/download/attachment/180241-1.pdf,Date appears in the official PSX 2022 holiday calendar. Local successful sessions bracket it on 2022-04-28 and 2022-05-06; raw PSX historical response is empty.,Eligible for later state reconciliation as non-trading after human review.
2022-05-02,Monday,temporary_skips,Temporary unavailable after 4 attempts; weekday responses contained no equity rows; eligible for retry,4,903; 903; 903; 903,Yes,903,Yes,Yes,No,likely non-trading/holiday candidate,2022-04-28,2022-05-06,LIKELY_NON_TRADING,medium,Official Government of Pakistan holiday notification,https://www.cabinet.gov.pk/SiteImage/Misc/files/Holidays/public-holidays-year-2022-E.pdf,"Historical public-holiday evidence matches the date/cluster, and local successful sessions bracket it on 2022-04-28 and 2022-05-06 with an empty PSX historical table. No date-specific official PSX closure notice was located in this verification pass.",Seek a date-specific PSX notice before reclassification; otherwise retain for manual review.
2022-05-03,Tuesday,temporary_skips,Temporary unavailable after 4 attempts; weekday responses contained no equity rows; eligible for retry,4,903; 903; 903; 903,Yes,903,Yes,Yes,No,likely non-trading/holiday candidate,2022-04-28,2022-05-06,CONFIRMED_NON_TRADING,high,Official PSX annual holiday calendar,https://dps.psx.com.pk/download/attachment/180241-1.pdf,Date appears in the official PSX 2022 holiday calendar. Local successful sessions bracket it on 2022-04-28 and 2022-05-06; raw PSX historical response is empty.,Eligible for later state reconciliation as non-trading after human review.
2022-05-04,Wednesday,temporary_skips,Temporary unavailable after 4 attempts; weekday responses contained no equity rows; eligible for retry,4,903; 903; 903; 903,Yes,903,Yes,Yes,No,likely non-trading/holiday candidate,2022-04-28,2022-05-06,CONFIRMED_NON_TRADING,high,Official PSX annual holiday calendar,https://dps.psx.com.pk/download/attachment/180241-1.pdf,Date appears in the official PSX 2022 holiday calendar. Local successful sessions bracket it on 2022-04-28 and 2022-05-06; raw PSX historical response is empty.,Eligible for later state reconciliation as non-trading after human review.
2022-05-05,Thursday,temporary_skips,Temporary unavailable after 4 attempts; weekday responses contained no equity rows; eligible for retry,4,903; 903; 903; 903,Yes,903,Yes,Yes,No,likely non-trading/holiday candidate,2022-04-28,2022-05-06,CONFIRMED_NON_TRADING,high,Official PSX annual holiday calendar,https://dps.psx.com.pk/download/attachment/180241-1.pdf,Date appears in the official PSX 2022 holiday calendar. Local successful sessions bracket it on 2022-04-28 and 2022-05-06; raw PSX historical response is empty.,Eligible for later state reconciliation as non-trading after human review.
2022-07-08,Friday,temporary_skips,Temporary unavailable after 4 attempts; weekday responses contained no equity rows; eligible for retry,4,903; 903; 903; 903,Yes,903,Yes,Yes,No,likely non-trading/holiday candidate,2022-07-07,2022-07-13,LIKELY_NON_TRADING,medium,Official Government of Pakistan holiday notification,https://www.cabinet.gov.pk/SiteImage/Misc/files/Holidays/public-holidays-year-2022-E.pdf,"Historical public-holiday evidence matches the date/cluster, and local successful sessions bracket it on 2022-07-07 and 2022-07-13 with an empty PSX historical table. No date-specific official PSX closure notice was located in this verification pass.",Seek a date-specific PSX notice before reclassification; otherwise retain for manual review.
2022-07-11,Monday,temporary_skips,Temporary unavailable after 4 attempts; weekday responses contained no equity rows; eligible for retry,4,903; 903; 903; 903,Yes,903,Yes,Yes,No,likely non-trading/holiday candidate,2022-07-07,2022-07-13,CONFIRMED_NON_TRADING,high,Official PSX annual holiday calendar,https://dps.psx.com.pk/download/attachment/180241-1.pdf,Date appears in the official PSX 2022 holiday calendar. Local successful sessions bracket it on 2022-07-07 and 2022-07-13; raw PSX historical response is empty.,Eligible for later state reconciliation as non-trading after human review.
2022-07-12,Tuesday,temporary_skips,Temporary unavailable after 4 attempts; weekday responses contained no equity rows; eligible for retry,4,903; 903; 903; 903,Yes,903,Yes,Yes,No,likely non-trading/holiday candidate,2022-07-07,2022-07-13,CONFIRMED_NON_TRADING,high,Official PSX annual holiday calendar,https://dps.psx.com.pk/download/attachment/180241-1.pdf,Date appears in the official PSX 2022 holiday calendar. Local successful sessions bracket it on 2022-07-07 and 2022-07-13; raw PSX historical response is empty.,Eligible for later state reconciliation as non-trading after human review.
2022-08-08,Monday,temporary_skips,Temporary unavailable after 4 attempts; weekday responses contained no equity rows; eligible for retry,4,903; 903; 903; 903,Yes,903,Yes,Yes,No,likely non-trading/holiday candidate,2022-08-05,2022-08-10,CONFIRMED_NON_TRADING,high,Official PSX annual holiday calendar,https://dps.psx.com.pk/download/attachment/180241-1.pdf,Date appears in the official PSX 2022 holiday calendar. Local successful sessions bracket it on 2022-08-05 and 2022-08-10; raw PSX historical response is empty.,Eligible for later state reconciliation as non-trading after human review.
2022-08-09,Tuesday,temporary_skips,Temporary unavailable after 4 attempts; weekday responses contained no equity rows; eligible for retry,4,903; 903; 903; 903,Yes,903,Yes,Yes,No,likely non-trading/holiday candidate,2022-08-05,2022-08-10,LIKELY_NON_TRADING,medium,Official Government of Pakistan holiday notification,https://www.cabinet.gov.pk/SiteImage/Misc/files/Holidays/public-holidays-year-2022-E.pdf,"Historical public-holiday evidence matches the date/cluster, and local successful sessions bracket it on 2022-08-05 and 2022-08-10 with an empty PSX historical table. No date-specific official PSX closure notice was located in this verification pass.",Seek a date-specific PSX notice before reclassification; otherwise retain for manual review.
2022-11-09,Wednesday,temporary_skips,Temporary unavailable after 4 attempts; weekday responses contained no equity rows; eligible for retry,4,903; 903; 903; 903,Yes,903,Yes,Yes,No,likely non-trading/holiday candidate,2022-11-08,2022-11-10,LIKELY_NON_TRADING,medium,Official Government of Pakistan holiday notification,https://www.cabinet.gov.pk/SiteImage/Misc/files/Holidays/public-holidays-year-2022-E.pdf,"Historical public-holiday evidence matches the date/cluster, and local successful sessions bracket it on 2022-11-08 and 2022-11-10 with an empty PSX historical table. No date-specific official PSX closure notice was located in this verification pass.",Seek a date-specific PSX notice before reclassification; otherwise retain for manual review.
2023-03-23,Thursday,temporary_skips,Temporary unavailable after 4 attempts; weekday responses contained no equity rows; eligible for retry,4,903; 903; 903; 903,Yes,903,Yes,Yes,No,likely non-trading/holiday candidate,2023-03-22,2023-03-24,CONFIRMED_NON_TRADING,high,Official PSX annual holiday calendar,https://dps.psx.com.pk/download/attachment/199827-1.pdf,Date appears in the official PSX 2023 holiday calendar. Local successful sessions bracket it on 2023-03-22 and 2023-03-24; raw PSX historical response is empty.,Eligible for later state reconciliation as non-trading after human review.
2023-04-14,Friday,temporary_skips,Temporary unavailable after 4 attempts; weekday responses contained no equity rows; eligible for retry,4,903; 903; 903; 903,Yes,903,Yes,Yes,No,likely non-trading/holiday candidate,2023-04-13,2023-04-17,LIKELY_TRADING_GAP,medium,Official PSX-hosted dated market filing,https://dps.psx.com.pk/download/document/205776.pdf,Not listed in the official PSX 2023 holiday calendar; an official PSX-hosted filing is dated 14 April 2023. Local successful sessions bracket it on 2023-04-13 and 2023-04-17.,Investigate missing session data; retry temporary and compare official index/settlement records.
2023-04-21,Friday,temporary_skips,Temporary unavailable after 4 attempts; weekday responses contained no equity rows; eligible for retry,4,903; 903; 903; 903,Yes,903,Yes,Yes,No,likely non-trading/holiday candidate,2023-04-20,2023-04-26,CONFIRMED_NON_TRADING,high,PSX notice reported by Business Recorder,https://www.brecorder.com/news/40237610/eid-holidays-psx-to-remain-closed-from-april-21-to-april-25,PSX notice explicitly covers the extended Eid-ul-Fitr closure through 25 April. Local successful sessions bracket it on 2023-04-20 and 2023-04-26; raw PSX historical response is empty.,Eligible for later state reconciliation as non-trading after human review.
2023-04-24,Monday,temporary_skips,Temporary unavailable after 4 attempts; weekday responses contained no equity rows; eligible for retry,4,903; 903; 903; 903,Yes,903,Yes,Yes,No,likely non-trading/holiday candidate,2023-04-20,2023-04-26,CONFIRMED_NON_TRADING,high,PSX notice reported by Business Recorder,https://www.brecorder.com/news/40237610/eid-holidays-psx-to-remain-closed-from-april-21-to-april-25,PSX notice explicitly covers the extended Eid-ul-Fitr closure through 25 April. Local successful sessions bracket it on 2023-04-20 and 2023-04-26; raw PSX historical response is empty.,Eligible for later state reconciliation as non-trading after human review.
2023-04-25,Tuesday,temporary_skips,Temporary unavailable after 4 attempts; weekday responses contained no equity rows; eligible for retry,4,903; 903; 903; 903,Yes,903,Yes,Yes,No,likely non-trading/holiday candidate,2023-04-20,2023-04-26,CONFIRMED_NON_TRADING,high,PSX notice reported by Business Recorder,https://www.brecorder.com/news/40237610/eid-holidays-psx-to-remain-closed-from-april-21-to-april-25,PSX notice explicitly covers the extended Eid-ul-Fitr closure through 25 April. Local successful sessions bracket it on 2023-04-20 and 2023-04-26; raw PSX historical response is empty.,Eligible for later state reconciliation as non-trading after human review.
2023-05-01,Monday,temporary_skips,Temporary unavailable after 4 attempts; weekday responses contained no equity rows; eligible for retry,4,903; 903; 903; 903,Yes,903,Yes,Yes,No,likely non-trading/holiday candidate,2023-04-28,2023-05-02,CONFIRMED_NON_TRADING,high,Official PSX annual holiday calendar,https://dps.psx.com.pk/download/attachment/199827-1.pdf,Date appears in the official PSX 2023 holiday calendar. Local successful sessions bracket it on 2023-04-28 and 2023-05-02; raw PSX historical response is empty.,Eligible for later state reconciliation as non-trading after human review.
2023-06-28,Wednesday,temporary_skips,Temporary unavailable after 4 attempts; weekday responses contained no equity rows; eligible for retry,4,903; 903; 903; 903,Yes,903,Yes,Yes,No,likely non-trading/holiday candidate,2023-06-27,2023-07-03,CONFIRMED_NON_TRADING,high,Official NCCPL settlement revision hosted by PSX,https://dps.psx.com.pk/download/attachment/211198-1.pdf,Official NCCPL schedule hosted by PSX labels 28 June a non-trading day. Local successful sessions bracket it on 2023-06-27 and 2023-07-03; raw PSX historical response is empty.,Eligible for later state reconciliation as non-trading after human review.
2023-06-29,Thursday,temporary_skips,Temporary unavailable after 4 attempts; weekday responses contained no equity rows; eligible for retry,4,903; 903; 903; 903,Yes,903,Yes,Yes,No,likely non-trading/holiday candidate,2023-06-27,2023-07-03,CONFIRMED_NON_TRADING,high,Official PSX annual holiday calendar,https://dps.psx.com.pk/download/attachment/199827-1.pdf,Date appears in the official PSX 2023 holiday calendar. Local successful sessions bracket it on 2023-06-27 and 2023-07-03; raw PSX historical response is empty.,Eligible for later state reconciliation as non-trading after human review.
2023-06-30,Friday,temporary_skips,Temporary unavailable after 4 attempts; weekday responses contained no equity rows; eligible for retry,4,903; 903; 903; 903,Yes,903,Yes,Yes,No,likely non-trading/holiday candidate,2023-06-27,2023-07-03,CONFIRMED_NON_TRADING,high,Official PSX annual holiday calendar,https://dps.psx.com.pk/download/attachment/199827-1.pdf,Date appears in the official PSX 2023 holiday calendar. Local successful sessions bracket it on 2023-06-27 and 2023-07-03; raw PSX historical response is empty.,Eligible for later state reconciliation as non-trading after human review.
2023-07-28,Friday,temporary_skips,Temporary unavailable after 4 attempts; weekday responses contained no equity rows; eligible for retry,4,903; 903; 903; 903,Yes,903,Yes,Yes,No,likely non-trading/holiday candidate,2023-07-27,2023-07-31,CONFIRMED_NON_TRADING,high,Official PSX annual holiday calendar,https://dps.psx.com.pk/download/attachment/199827-1.pdf,Date appears in the official PSX 2023 holiday calendar. Local successful sessions bracket it on 2023-07-27 and 2023-07-31; raw PSX historical response is empty.,Eligible for later state reconciliation as non-trading after human review.
2023-08-14,Monday,temporary_skips,Temporary unavailable after 4 attempts; weekday responses contained no equity rows; eligible for retry,4,903; 903; 903; 903,Yes,903,Yes,Yes,No,likely non-trading/holiday candidate,2023-08-11,2023-08-15,CONFIRMED_NON_TRADING,high,Official PSX annual holiday calendar,https://dps.psx.com.pk/download/attachment/199827-1.pdf,Date appears in the official PSX 2023 holiday calendar. Local successful sessions bracket it on 2023-08-11 and 2023-08-15; raw PSX historical response is empty.,Eligible for later state reconciliation as non-trading after human review.
2023-09-29,Friday,temporary_skips,Temporary unavailable after 4 attempts; weekday responses contained no equity rows; eligible for retry,4,903; 903; 903; 903,Yes,903,Yes,Yes,No,likely non-trading/holiday candidate,2023-09-28,2023-10-02,LIKELY_NON_TRADING,medium,Historical Pakistan public-holiday calendar,https://www.officeholidays.com/countries/pakistan/2023,"Historical public-holiday evidence matches the date/cluster, and local successful sessions bracket it on 2023-09-28 and 2023-10-02 with an empty PSX historical table. No date-specific official PSX closure notice was located in this verification pass.",Seek a date-specific PSX notice before reclassification; otherwise retain for manual review.
2023-11-09,Thursday,temporary_skips,Temporary unavailable after 4 attempts; weekday responses contained no equity rows; eligible for retry,4,903; 903; 903; 903,Yes,903,Yes,Yes,No,likely non-trading/holiday candidate,2023-11-08,2023-11-10,CONFIRMED_NON_TRADING,high,Official PSX annual holiday calendar,https://dps.psx.com.pk/download/attachment/199827-1.pdf,Date appears in the official PSX 2023 holiday calendar. Local successful sessions bracket it on 2023-11-08 and 2023-11-10; raw PSX historical response is empty.,Eligible for later state reconciliation as non-trading after human review.
2023-12-25,Monday,temporary_skips,Temporary unavailable after 4 attempts; weekday responses contained no equity rows; eligible for retry,4,903; 903; 903; 903,Yes,903,Yes,Yes,No,likely non-trading/holiday candidate,2023-12-22,2023-12-26,CONFIRMED_NON_TRADING,high,Official PSX annual holiday calendar,https://dps.psx.com.pk/download/attachment/199827-1.pdf,Date appears in the official PSX 2023 holiday calendar. Local successful sessions bracket it on 2023-12-22 and 2023-12-26; raw PSX historical response is empty.,Eligible for later state reconciliation as non-trading after human review.
2024-02-05,Monday,temporary_skips,Temporary unavailable after 4 attempts; weekday responses contained no equity rows; eligible for retry,4,903; 903; 903; 903,Yes,903,Yes,Yes,No,likely non-trading/holiday candidate,2024-02-02,2024-02-06,CONFIRMED_NON_TRADING,high,Official PSX annual holiday calendar,https://dps.psx.com.pk/download/attachment/222892-1.pdf,Date appears in the official PSX 2024 holiday calendar. Local successful sessions bracket it on 2024-02-02 and 2024-02-06; raw PSX historical response is empty.,Eligible for later state reconciliation as non-trading after human review.
2024-02-08,Thursday,temporary_skips,Temporary unavailable after 4 attempts; weekday responses contained no equity rows; eligible for retry,4,903; 903; 903; 903,Yes,903,Yes,Yes,No,likely non-trading/holiday candidate,2024-02-07,2024-02-09,LIKELY_NON_TRADING,medium,Official PSX annual holiday calendar,https://dps.psx.com.pk/download/attachment/222892-1.pdf,"Historical public-holiday evidence matches the date/cluster, and local successful sessions bracket it on 2024-02-07 and 2024-02-09 with an empty PSX historical table. No date-specific official PSX closure notice was located in this verification pass.",Seek a date-specific PSX notice before reclassification; otherwise retain for manual review.
2024-04-05,Friday,temporary_skips,Temporary unavailable after 4 attempts; weekday responses contained no equity rows; eligible for retry,4,903; 903; 903; 903,Yes,903,Yes,Yes,No,likely non-trading/holiday candidate,2024-04-04,2024-04-08,CONFIRMED_NON_TRADING,high,Official PSX annual holiday calendar,https://dps.psx.com.pk/download/attachment/222892-1.pdf,Date appears in the official PSX 2024 holiday calendar. Local successful sessions bracket it on 2024-04-04 and 2024-04-08; raw PSX historical response is empty.,Eligible for later state reconciliation as non-trading after human review.
2024-04-10,Wednesday,temporary_skips,Temporary unavailable after 4 attempts; weekday responses contained no equity rows; eligible for retry,4,903; 903; 903; 903,Yes,903,Yes,Yes,No,likely non-trading/holiday candidate,2024-04-09,2024-04-15,CONFIRMED_NON_TRADING,high,Official PSX annual holiday calendar,https://dps.psx.com.pk/download/attachment/222892-1.pdf,Date appears in the official PSX 2024 holiday calendar. Local successful sessions bracket it on 2024-04-09 and 2024-04-15; raw PSX historical response is empty.,Eligible for later state reconciliation as non-trading after human review.
2024-04-11,Thursday,temporary_skips,Temporary unavailable after 4 attempts; weekday responses contained no equity rows; eligible for retry,4,903; 903; 903; 903,Yes,903,Yes,Yes,No,likely non-trading/holiday candidate,2024-04-09,2024-04-15,CONFIRMED_NON_TRADING,high,Official PSX annual holiday calendar,https://dps.psx.com.pk/download/attachment/222892-1.pdf,Date appears in the official PSX 2024 holiday calendar. Local successful sessions bracket it on 2024-04-09 and 2024-04-15; raw PSX historical response is empty.,Eligible for later state reconciliation as non-trading after human review.
2024-04-12,Friday,temporary_skips,Temporary unavailable after 4 attempts; weekday responses contained no equity rows; eligible for retry,4,903; 903; 903; 903,Yes,903,Yes,Yes,No,likely non-trading/holiday candidate,2024-04-09,2024-04-15,CONFIRMED_NON_TRADING,high,Official PSX annual holiday calendar,https://dps.psx.com.pk/download/attachment/222892-1.pdf,Date appears in the official PSX 2024 holiday calendar. Local successful sessions bracket it on 2024-04-09 and 2024-04-15; raw PSX historical response is empty.,Eligible for later state reconciliation as non-trading after human review.
2024-05-01,Wednesday,temporary_skips,Temporary unavailable after 4 attempts; weekday responses contained no equity rows; eligible for retry,4,903; 903; 903; 903,Yes,903,Yes,Yes,No,likely non-trading/holiday candidate,2024-04-30,2024-05-02,CONFIRMED_NON_TRADING,high,Official PSX annual holiday calendar,https://dps.psx.com.pk/download/attachment/222892-1.pdf,Date appears in the official PSX 2024 holiday calendar. Local successful sessions bracket it on 2024-04-30 and 2024-05-02; raw PSX historical response is empty.,Eligible for later state reconciliation as non-trading after human review.
2024-05-28,Tuesday,temporary_skips,Temporary unavailable after 4 attempts; weekday responses contained no equity rows; eligible for retry,4,903; 903; 903; 903,Yes,903,Yes,Yes,No,likely non-trading/holiday candidate,2024-05-27,2024-05-29,LIKELY_NON_TRADING,medium,Official PSX annual holiday calendar,https://dps.psx.com.pk/download/attachment/222892-1.pdf,"Historical public-holiday evidence matches the date/cluster, and local successful sessions bracket it on 2024-05-27 and 2024-05-29 with an empty PSX historical table. No date-specific official PSX closure notice was located in this verification pass.",Seek a date-specific PSX notice before reclassification; otherwise retain for manual review.
2024-06-17,Monday,temporary_skips,Temporary unavailable after 4 attempts; weekday responses contained no equity rows; eligible for retry,4,903; 903; 903; 903,Yes,903,Yes,Yes,No,likely non-trading/holiday candidate,2024-06-14,2024-06-20,CONFIRMED_NON_TRADING,high,Official PSX annual holiday calendar,https://dps.psx.com.pk/download/attachment/222892-1.pdf,Date appears in the official PSX 2024 holiday calendar. Local successful sessions bracket it on 2024-06-14 and 2024-06-20; raw PSX historical response is empty.,Eligible for later state reconciliation as non-trading after human review.
2024-06-18,Tuesday,temporary_skips,Temporary unavailable after 4 attempts; weekday responses contained no equity rows; eligible for retry,4,903; 903; 903; 903,Yes,903,Yes,Yes,No,likely non-trading/holiday candidate,2024-06-14,2024-06-20,CONFIRMED_NON_TRADING,high,Official PSX annual holiday calendar,https://dps.psx.com.pk/download/attachment/222892-1.pdf,Date appears in the official PSX 2024 holiday calendar. Local successful sessions bracket it on 2024-06-14 and 2024-06-20; raw PSX historical response is empty.,Eligible for later state reconciliation as non-trading after human review.
2024-06-19,Wednesday,temporary_skips,Temporary unavailable after 4 attempts; weekday responses contained no equity rows; eligible for retry,4,903; 903; 903; 903,Yes,903,Yes,Yes,No,likely non-trading/holiday candidate,2024-06-14,2024-06-20,CONFIRMED_NON_TRADING,high,Official PSX annual holiday calendar,https://dps.psx.com.pk/download/attachment/222892-1.pdf,Date appears in the official PSX 2024 holiday calendar. Local successful sessions bracket it on 2024-06-14 and 2024-06-20; raw PSX historical response is empty.,Eligible for later state reconciliation as non-trading after human review.
2024-07-16,Tuesday,temporary_skips,Temporary unavailable after 4 attempts; weekday responses contained no equity rows; eligible for retry,4,903; 903; 903; 903,Yes,903,Yes,Yes,No,likely non-trading/holiday candidate,2024-07-15,2024-07-18,CONFIRMED_NON_TRADING,high,Official PSX annual holiday calendar,https://dps.psx.com.pk/download/attachment/222892-1.pdf,Date appears in the official PSX 2024 holiday calendar. Local successful sessions bracket it on 2024-07-15 and 2024-07-18; raw PSX historical response is empty.,Eligible for later state reconciliation as non-trading after human review.
2024-07-17,Wednesday,temporary_skips,Temporary unavailable after 4 attempts; weekday responses contained no equity rows; eligible for retry,4,903; 903; 903; 903,Yes,903,Yes,Yes,No,likely non-trading/holiday candidate,2024-07-15,2024-07-18,CONFIRMED_NON_TRADING,high,Official PSX annual holiday calendar,https://dps.psx.com.pk/download/attachment/222892-1.pdf,Date appears in the official PSX 2024 holiday calendar. Local successful sessions bracket it on 2024-07-15 and 2024-07-18; raw PSX historical response is empty.,Eligible for later state reconciliation as non-trading after human review.
2024-08-14,Wednesday,temporary_skips,Temporary unavailable after 4 attempts; weekday responses contained no equity rows; eligible for retry,4,903; 903; 903; 903,Yes,903,Yes,Yes,No,likely non-trading/holiday candidate,2024-08-13,2024-08-15,CONFIRMED_NON_TRADING,high,Official PSX annual holiday calendar,https://dps.psx.com.pk/download/attachment/222892-1.pdf,Date appears in the official PSX 2024 holiday calendar. Local successful sessions bracket it on 2024-08-13 and 2024-08-15; raw PSX historical response is empty.,Eligible for later state reconciliation as non-trading after human review.
2024-09-17,Tuesday,temporary_skips,Temporary unavailable after 4 attempts; weekday responses contained no equity rows; eligible for retry,4,903; 903; 903; 903,Yes,903,Yes,Yes,No,likely non-trading/holiday candidate,2024-09-16,2024-09-18,CONFIRMED_NON_TRADING,high,PSX closure notice reported by ProPakistani,https://propakistani.pk/2024/09/08/psx-to-remain-closed-on-september-17/,A reported PSX notice explicitly states the Exchange would close for Eid Milad-un-Nabi. Local successful sessions bracket it on 2024-09-16 and 2024-09-18; raw PSX historical response is empty.,Eligible for later state reconciliation as non-trading after human review.
2024-12-25,Wednesday,temporary_skips,Temporary unavailable after 4 attempts; weekday responses contained no equity rows; eligible for retry,4,903; 903; 903; 903,Yes,903,Yes,Yes,No,likely non-trading/holiday candidate,2024-12-24,2024-12-26,CONFIRMED_NON_TRADING,high,Official PSX annual holiday calendar,https://dps.psx.com.pk/download/attachment/222892-1.pdf,Date appears in the official PSX 2024 holiday calendar. Local successful sessions bracket it on 2024-12-24 and 2024-12-26; raw PSX historical response is empty.,Eligible for later state reconciliation as non-trading after human review.
2025-02-05,Wednesday,temporary_skips,Temporary unavailable after 4 attempts; weekday responses contained no equity rows; eligible for retry,4,903; 903; 903; 903,Yes,903,Yes,Yes,No,likely non-trading/holiday candidate,2025-02-04,2025-02-06,CONFIRMED_NON_TRADING,high,Official PSX annual holiday calendar,https://dps.psx.com.pk/download/attachment/244903-1.pdf,Date appears in the official PSX 2025 holiday calendar. Local successful sessions bracket it on 2025-02-04 and 2025-02-06; raw PSX historical response is empty.,Eligible for later state reconciliation as non-trading after human review.
2025-03-28,Friday,temporary_skips,Temporary unavailable after 4 attempts; weekday responses contained no equity rows; eligible for retry,4,903; 903; 903; 903,Yes,903,Yes,Yes,No,likely non-trading/holiday candidate,2025-03-27,2025-04-03,CONFIRMED_NON_TRADING,high,Official PSX annual holiday calendar,https://dps.psx.com.pk/download/attachment/244903-1.pdf,Date appears in the official PSX 2025 holiday calendar. Local successful sessions bracket it on 2025-03-27 and 2025-04-03; raw PSX historical response is empty.,Eligible for later state reconciliation as non-trading after human review.
2025-03-31,Monday,temporary_skips,Temporary unavailable after 4 attempts; weekday responses contained no equity rows; eligible for retry,4,903; 903; 903; 903,Yes,903,Yes,Yes,No,likely non-trading/holiday candidate,2025-03-27,2025-04-03,CONFIRMED_NON_TRADING,high,Official PSX annual holiday calendar,https://dps.psx.com.pk/download/attachment/244903-1.pdf,Date appears in the official PSX 2025 holiday calendar. Local successful sessions bracket it on 2025-03-27 and 2025-04-03; raw PSX historical response is empty.,Eligible for later state reconciliation as non-trading after human review.
2025-04-01,Tuesday,temporary_skips,Temporary unavailable after 4 attempts; weekday responses contained no equity rows; eligible for retry,4,903; 903; 903; 903,Yes,903,Yes,Yes,No,likely non-trading/holiday candidate,2025-03-27,2025-04-03,CONFIRMED_NON_TRADING,high,Official PSX annual holiday calendar,https://dps.psx.com.pk/download/attachment/244903-1.pdf,Date appears in the official PSX 2025 holiday calendar. Local successful sessions bracket it on 2025-03-27 and 2025-04-03; raw PSX historical response is empty.,Eligible for later state reconciliation as non-trading after human review.
2025-04-02,Wednesday,temporary_skips,Temporary unavailable after 4 attempts; weekday responses contained no equity rows; eligible for retry,4,903; 903; 903; 903,Yes,903,Yes,Yes,No,likely non-trading/holiday candidate,2025-03-27,2025-04-03,LIKELY_NON_TRADING,medium,Official PSX-hosted filing citing announced Eid closure,https://dps.psx.com.pk/download/document/250266.pdf,"Historical public-holiday evidence matches the date/cluster, and local successful sessions bracket it on 2025-03-27 and 2025-04-03 with an empty PSX historical table. No date-specific official PSX closure notice was located in this verification pass.",Seek a date-specific PSX notice before reclassification; otherwise retain for manual review.
2025-05-01,Thursday,temporary_skips,Temporary unavailable after 4 attempts; weekday responses contained no equity rows; eligible for retry,4,903; 903; 903; 903,Yes,903,Yes,Yes,No,likely non-trading/holiday candidate,2025-04-30,2025-05-02,CONFIRMED_NON_TRADING,high,Official PSX annual holiday calendar,https://dps.psx.com.pk/download/attachment/244903-1.pdf,Date appears in the official PSX 2025 holiday calendar. Local successful sessions bracket it on 2025-04-30 and 2025-05-02; raw PSX historical response is empty.,Eligible for later state reconciliation as non-trading after human review.
2025-05-28,Wednesday,temporary_skips,Temporary unavailable after 4 attempts; weekday responses contained no equity rows; eligible for retry,4,903; 903; 903; 903,Yes,903,Yes,Yes,No,likely non-trading/holiday candidate,2025-05-27,2025-05-29,CONFIRMED_NON_TRADING,high,Official PSX annual holiday calendar,https://dps.psx.com.pk/download/attachment/244903-1.pdf,Date appears in the official PSX 2025 holiday calendar. Local successful sessions bracket it on 2025-05-27 and 2025-05-29; raw PSX historical response is empty.,Eligible for later state reconciliation as non-trading after human review.
2025-06-06,Friday,temporary_skips,Temporary unavailable after 4 attempts; weekday responses contained no equity rows; eligible for retry,4,903; 903; 903; 903,Yes,903,Yes,Yes,No,likely non-trading/holiday candidate,2025-06-05,2025-06-10,LIKELY_NON_TRADING,medium,Official PSX-hosted filing citing announced Eid closure,https://dps.psx.com.pk/download/document/250266.pdf,"Historical public-holiday evidence matches the date/cluster, and local successful sessions bracket it on 2025-06-05 and 2025-06-10 with an empty PSX historical table. No date-specific official PSX closure notice was located in this verification pass.",Seek a date-specific PSX notice before reclassification; otherwise retain for manual review.
2025-06-09,Monday,temporary_skips,Temporary unavailable after 4 attempts; weekday responses contained no equity rows; eligible for retry,4,903; 903; 903; 903,Yes,903,Yes,Yes,No,likely non-trading/holiday candidate,2025-06-05,2025-06-10,CONFIRMED_NON_TRADING,high,Official PSX annual holiday calendar,https://dps.psx.com.pk/download/attachment/244903-1.pdf,Date appears in the official PSX 2025 holiday calendar. Local successful sessions bracket it on 2025-06-05 and 2025-06-10; raw PSX historical response is empty.,Eligible for later state reconciliation as non-trading after human review.
2025-08-14,Thursday,temporary_skips,Temporary unavailable after 4 attempts; weekday responses contained no equity rows; eligible for retry,4,903; 903; 903; 903,Yes,903,Yes,Yes,No,likely non-trading/holiday candidate,2025-08-13,2025-08-15,CONFIRMED_NON_TRADING,high,Official PSX annual holiday calendar,https://dps.psx.com.pk/download/attachment/244903-1.pdf,Date appears in the official PSX 2025 holiday calendar. Local successful sessions bracket it on 2025-08-13 and 2025-08-15; raw PSX historical response is empty.,Eligible for later state reconciliation as non-trading after human review.
2025-12-25,Thursday,temporary_skips,Temporary unavailable after 4 attempts; weekday responses contained no equity rows; eligible for retry,4,903; 903; 903; 903,Yes,903,Yes,Yes,No,likely non-trading/holiday candidate,2025-12-24,2025-12-26,CONFIRMED_NON_TRADING,high,Official PSX annual holiday calendar,https://dps.psx.com.pk/download/attachment/244903-1.pdf,Date appears in the official PSX 2025 holiday calendar. Local successful sessions bracket it on 2025-12-24 and 2025-12-26; raw PSX historical response is empty.,Eligible for later state reconciliation as non-trading after human review.
2026-02-05,Thursday,temporary_skips,Temporary unavailable after 4 attempts; weekday responses contained no equity rows; eligible for retry,4,903; 903; 903; 903,Yes,903,Yes,Yes,No,likely non-trading/holiday candidate,2026-02-04,2026-02-06,CONFIRMED_NON_TRADING,high,Official PSX holiday calendar,https://www.psx.com.pk/psx/exchange/general/calendar-holidays,Date appears in the official PSX 2026 holiday calendar. Local successful sessions bracket it on 2026-02-04 and 2026-02-06; raw PSX historical response is empty.,Eligible for later state reconciliation as non-trading after human review.
2026-03-20,Friday,temporary_skips,Temporary unavailable after 4 attempts; weekday responses contained no equity rows; eligible for retry,4,903; 903; 903; 903,Yes,903,Yes,Yes,No,likely non-trading/holiday candidate,2026-03-19,2026-03-24,CONFIRMED_NON_TRADING,high,Official PSX holiday calendar,https://www.psx.com.pk/psx/exchange/general/calendar-holidays,Date appears in the official PSX 2026 holiday calendar. Local successful sessions bracket it on 2026-03-19 and 2026-03-24; raw PSX historical response is empty.,Eligible for later state reconciliation as non-trading after human review.
2026-03-23,Monday,temporary_skips,Temporary unavailable after 4 attempts; weekday responses contained no equity rows; eligible for retry,4,903; 903; 903; 903,Yes,903,Yes,Yes,No,likely non-trading/holiday candidate,2026-03-19,2026-03-24,CONFIRMED_NON_TRADING,high,Official PSX holiday calendar,https://www.psx.com.pk/psx/exchange/general/calendar-holidays,Date appears in the official PSX 2026 holiday calendar. Local successful sessions bracket it on 2026-03-19 and 2026-03-24; raw PSX historical response is empty.,Eligible for later state reconciliation as non-trading after human review.
2026-05-01,Friday,temporary_skips,Temporary unavailable after 4 attempts; weekday responses contained no equity rows; eligible for retry,4,903; 903; 903; 903,Yes,903,Yes,Yes,No,likely non-trading/holiday candidate,2026-04-30,2026-05-04,CONFIRMED_NON_TRADING,high,Official PSX holiday calendar,https://www.psx.com.pk/psx/exchange/general/calendar-holidays,Date appears in the official PSX 2026 holiday calendar. Local successful sessions bracket it on 2026-04-30 and 2026-05-04; raw PSX historical response is empty.,Eligible for later state reconciliation as non-trading after human review.
2026-05-26,Tuesday,temporary_skips,Temporary unavailable after 4 attempts; weekday responses contained no equity rows; eligible for retry,4,903; 903; 903; 903,Yes,903,Yes,Yes,No,likely non-trading/holiday candidate,2026-05-25,2026-05-29,CONFIRMED_NON_TRADING,high,Official PSX settlement revision/closure evidence,https://dps.psx.com.pk/download/attachment/277568-1.pdf,Official PSX schedule identifies the Eid closure/non-trading dates. Local successful sessions bracket it on 2026-05-25 and 2026-05-29; raw PSX historical response is empty.,Eligible for later state reconciliation as non-trading after human review.
2026-05-27,Wednesday,temporary_skips,Temporary unavailable after 4 attempts; weekday responses contained no equity rows; eligible for retry,4,903; 903; 903; 903,Yes,903,Yes,Yes,No,likely non-trading/holiday candidate,2026-05-25,2026-05-29,CONFIRMED_NON_TRADING,high,Official PSX settlement revision/closure evidence,https://dps.psx.com.pk/download/attachment/277568-1.pdf,Official PSX schedule identifies the Eid closure/non-trading dates. Local successful sessions bracket it on 2026-05-25 and 2026-05-29; raw PSX historical response is empty.,Eligible for later state reconciliation as non-trading after human review.
2026-05-28,Thursday,temporary_skips,Temporary unavailable after 4 attempts; weekday responses contained no equity rows; eligible for retry,4,903; 903; 903; 903,Yes,903,Yes,Yes,No,likely non-trading/holiday candidate,2026-05-25,2026-05-29,CONFIRMED_NON_TRADING,high,Official PSX settlement revision/closure evidence,https://dps.psx.com.pk/download/attachment/277568-1.pdf,Official PSX schedule identifies the Eid closure/non-trading dates. Local successful sessions bracket it on 2026-05-25 and 2026-05-29; raw PSX historical response is empty.,Eligible for later state reconciliation as non-trading after human review.
2026-06-25,Thursday,temporary_skips,Temporary unavailable after 4 attempts; weekday responses contained no equity rows; eligible for retry,4,903; 903; 903; 903,Yes,903,Yes,Yes,No,likely non-trading/holiday candidate,2026-06-24,2026-06-29,CONFIRMED_NON_TRADING,high,Official PSX holiday calendar,https://www.psx.com.pk/psx/exchange/general/calendar-holidays,Date appears in the official PSX 2026 holiday calendar. Local successful sessions bracket it on 2026-06-24 and 2026-06-29; raw PSX historical response is empty.,Eligible for later state reconciliation as non-trading after human review.
2026-06-26,Friday,temporary_skips,Temporary unavailable after 4 attempts; weekday responses contained no equity rows; eligible for retry,4,903; 903; 903; 903,Yes,903,Yes,Yes,No,likely non-trading/holiday candidate,2026-06-24,2026-06-29,CONFIRMED_NON_TRADING,high,Official PSX holiday calendar,https://www.psx.com.pk/psx/exchange/general/calendar-holidays,Date appears in the official PSX 2026 holiday calendar. Local successful sessions bracket it on 2026-06-24 and 2026-06-29; raw PSX historical response is empty.,Eligible for later state reconciliation as non-trading after human review.
2026-08-05,Wednesday,temporary_skips,Today is not final,0,Not Available,No,Not Available,Not Available,Not Available,Not Available,manual review,2026-08-04,Not Available,LIKELY_TRADING_GAP,medium,Official PSX holiday calendar,https://www.psx.com.pk/psx/exchange/general/calendar-holidays,Wednesday is absent from the official PSX 2026 holiday calendar; saved reason is only “Today is not final”. Previous local successful session is 2026-08-04; no later in-range session is available.,Retry temporary now that the date is final; inspect official session/index evidence if still empty.
