date,weekday,current_saved_state_category,current_saved_message_reason,attempt_count,recorded_response_sizes_bytes,raw_html_exists,raw_html_path,raw_html_byte_size,historical_table_present,tbody_empty,equity_rows_present,csv_file_exists,valid_csv_exists,csv_path,csv_row_count,represented_by_successful_local_file,weekend,possible_holiday_non_trading_candidate,audit_group,recommended_next_action
2016-09-12,Monday,temporarily unavailable,Temporary unavailable after 4 attempts; weekday responses contained no equity rows; eligible for retry,4,903; 903; 903; 903,Yes,data/raw/html/market_2016-09-12_attempt_04_boaxgst_.html,903,Yes,Yes,No,No,No,Not Available,Not Available,No,No,Yes,B — repeated 903-byte empty tables,likely non-trading/holiday candidate
2016-09-13,Tuesday,temporarily unavailable,Temporary unavailable after 4 attempts; weekday responses contained no equity rows; eligible for retry,4,903; 903; 903; 903,Yes,data/raw/html/market_2016-09-13_attempt_04_xrsgvex3.html,903,Yes,Yes,No,No,No,Not Available,Not Available,No,No,Yes,B — repeated 903-byte empty tables,likely non-trading/holiday candidate
2016-09-14,Wednesday,temporarily unavailable,Temporary unavailable after 4 attempts; weekday responses contained no equity rows; eligible for retry,4,903; 903; 903; 903,Yes,data/raw/html/market_2016-09-14_attempt_04_ha8qo113.html,903,Yes,Yes,No,No,No,Not Available,Not Available,No,No,Yes,B — repeated 903-byte empty tables,likely non-trading/holiday candidate
2016-10-11,Tuesday,temporarily unavailable,Temporary unavailable after 4 attempts; weekday responses contained no equity rows; eligible for retry,4,903; 903; 903; 903,Yes,data/raw/html/market_2016-10-11.html,903,Yes,Yes,No,No,No,Not Available,Not Available,No,No,Yes,B — repeated 903-byte empty tables,likely non-trading/holiday candidate
2016-10-12,Wednesday,temporarily unavailable,Temporary unavailable after 4 attempts; weekday responses contained no equity rows; eligible for retry,4,903; 903; 903; 903,Yes,data/raw/html/market_2016-10-12.html,903,Yes,Yes,No,No,No,Not Available,Not Available,No,No,Yes,B — repeated 903-byte empty tables,likely non-trading/holiday candidate
2016-10-13,Thursday,temporarily unavailable,Weekday response contained no equity rows; eligible for retry,0,Not Available,Yes,data/raw/html/market_2016-10-13.html,903,Yes,Yes,No,No,No,Not Available,Not Available,No,No,Yes,H — pattern-only non-trading/holiday candidate,likely non-trading/holiday candidate
2016-10-14,Friday,temporarily unavailable,Weekday response contained no equity rows; eligible for retry,0,Not Available,Yes,data/raw/html/market_2016-10-14.html,903,Yes,Yes,No,No,No,Not Available,Not Available,No,No,Yes,H — pattern-only non-trading/holiday candidate,likely non-trading/holiday candidate
2016-10-17,Monday,temporarily unavailable,Weekday response contained no equity rows; eligible for retry,0,Not Available,Yes,data/raw/html/market_2016-10-17.html,903,Yes,Yes,No,No,No,Not Available,Not Available,No,No,Yes,H — pattern-only non-trading/holiday candidate,likely non-trading/holiday candidate
2016-10-18,Tuesday,temporarily unavailable,Weekday response contained no equity rows; eligible for retry,0,Not Available,Yes,data/raw/html/market_2016-10-18.html,903,Yes,Yes,No,No,No,Not Available,Not Available,No,No,Yes,H — pattern-only non-trading/holiday candidate,likely non-trading/holiday candidate
2016-10-19,Wednesday,temporarily unavailable,Weekday response contained no equity rows; eligible for retry,0,Not Available,Yes,data/raw/html/market_2016-10-19.html,903,Yes,Yes,No,No,No,Not Available,Not Available,No,No,Yes,H — pattern-only non-trading/holiday candidate,likely non-trading/holiday candidate
2016-10-20,Thursday,temporarily unavailable,Weekday response contained no equity rows; eligible for retry,0,Not Available,Yes,data/raw/html/market_2016-10-20.html,903,Yes,Yes,No,No,No,Not Available,Not Available,No,No,Yes,H — pattern-only non-trading/holiday candidate,likely non-trading/holiday candidate
2016-10-21,Friday,temporarily unavailable,Weekday response contained no equity rows; eligible for retry,0,Not Available,Yes,data/raw/html/market_2016-10-21.html,903,Yes,Yes,No,No,No,Not Available,Not Available,No,No,Yes,H — pattern-only non-trading/holiday candidate,likely non-trading/holiday candidate
2016-10-24,Monday,temporarily unavailable,Weekday response contained no equity rows; eligible for retry,0,Not Available,Yes,data/raw/html/market_2016-10-24.html,903,Yes,Yes,No,No,No,Not Available,Not Available,No,No,Yes,H — pattern-only non-trading/holiday candidate,likely non-trading/holiday candidate
2016-12-12,Monday,temporarily unavailable,Temporary unavailable after 4 attempts; weekday responses contained no equity rows; eligible for retry,4,903; 903; 903; 903,Yes,data/raw/html/market_2016-12-12.html,903,Yes,Yes,No,No,No,Not Available,Not Available,No,No,Yes,B — repeated 903-byte empty tables,likely non-trading/holiday candidate
2017-03-23,Thursday,temporarily unavailable,Temporary unavailable after 4 attempts; weekday responses contained no equity rows; eligible for retry,4,903; 903; 903; 903,Yes,data/raw/html/market_2017-03-23.html,903,Yes,Yes,No,No,No,Not Available,Not Available,No,No,Yes,B — repeated 903-byte empty tables,likely non-trading/holiday candidate
2017-05-01,Monday,temporarily unavailable,Temporary unavailable after 4 attempts; weekday responses contained no equity rows; eligible for retry,4,903; 903; 903; 903,Yes,data/raw/html/market_2017-05-01.html,903,Yes,Yes,No,No,No,Not Available,Not Available,No,No,Yes,B — repeated 903-byte empty tables,likely non-trading/holiday candidate
2017-06-23,Friday,temporarily unavailable,Temporary unavailable after 4 attempts; weekday responses contained no equity rows; eligible for retry,4,903; 903; 903; 903,Yes,data/raw/html/market_2017-06-23.html,903,Yes,Yes,No,No,No,Not Available,Not Available,No,No,Yes,B — repeated 903-byte empty tables,likely non-trading/holiday candidate
2017-06-26,Monday,temporarily unavailable,Temporary unavailable after 4 attempts; weekday responses contained no equity rows; eligible for retry,4,903; 903; 903; 903,Yes,data/raw/html/market_2017-06-26.html,903,Yes,Yes,No,No,No,Not Available,Not Available,No,No,Yes,B — repeated 903-byte empty tables,likely non-trading/holiday candidate
2017-06-27,Tuesday,temporarily unavailable,Temporary unavailable after 4 attempts; weekday responses contained no equity rows; eligible for retry,4,903; 903; 903; 903,Yes,data/raw/html/market_2017-06-27.html,903,Yes,Yes,No,No,No,Not Available,Not Available,No,No,Yes,B — repeated 903-byte empty tables,likely non-trading/holiday candidate
2017-06-28,Wednesday,temporarily unavailable,Temporary unavailable after 4 attempts; weekday responses contained no equity rows; eligible for retry,4,903; 903; 903; 903,Yes,data/raw/html/market_2017-06-28.html,903,Yes,Yes,No,No,No,Not Available,Not Available,No,No,Yes,B — repeated 903-byte empty tables,likely non-trading/holiday candidate
2017-08-14,Monday,temporarily unavailable,Temporary unavailable after 4 attempts; weekday responses contained no equity rows; eligible for retry,4,903; 903; 903; 903,Yes,data/raw/html/market_2017-08-14.html,903,Yes,Yes,No,No,No,Not Available,Not Available,No,No,Yes,B — repeated 903-byte empty tables,likely non-trading/holiday candidate
2017-09-01,Friday,temporarily unavailable,Temporary unavailable after 4 attempts; weekday responses contained no equity rows; eligible for retry,4,903; 903; 903; 903,Yes,data/raw/html/market_2017-09-01.html,903,Yes,Yes,No,No,No,Not Available,Not Available,No,No,Yes,B — repeated 903-byte empty tables,likely non-trading/holiday candidate
2017-09-04,Monday,temporarily unavailable,Temporary unavailable after 4 attempts; weekday responses contained no equity rows; eligible for retry,4,903; 903; 903; 903,Yes,data/raw/html/market_2017-09-04.html,903,Yes,Yes,No,No,No,Not Available,Not Available,No,No,Yes,B — repeated 903-byte empty tables,likely non-trading/holiday candidate
2017-12-01,Friday,temporarily unavailable,Temporary unavailable after 4 attempts; weekday responses contained no equity rows; eligible for retry,4,903; 903; 903; 903,Yes,data/raw/html/market_2017-12-01.html,903,Yes,Yes,No,No,No,Not Available,Not Available,No,No,Yes,B — repeated 903-byte empty tables,likely non-trading/holiday candidate
2017-12-25,Monday,temporarily unavailable,Temporary unavailable after 4 attempts; weekday responses contained no equity rows; eligible for retry,4,903; 903; 903; 903,Yes,data/raw/html/market_2017-12-25.html,903,Yes,Yes,No,No,No,Not Available,Not Available,No,No,Yes,B — repeated 903-byte empty tables,likely non-trading/holiday candidate
2018-02-05,Monday,temporarily unavailable,Temporary unavailable after 4 attempts; weekday responses contained no equity rows; eligible for retry,4,903; 903; 903; 903,Yes,data/raw/html/market_2018-02-05.html,903,Yes,Yes,No,No,No,Not Available,Not Available,No,No,Yes,B — repeated 903-byte empty tables,likely non-trading/holiday candidate
2018-03-23,Friday,temporarily unavailable,Temporary unavailable after 4 attempts; weekday responses contained no equity rows; eligible for retry,4,903; 903; 903; 903,Yes,data/raw/html/market_2018-03-23.html,903,Yes,Yes,No,No,No,Not Available,Not Available,No,No,Yes,B — repeated 903-byte empty tables,likely non-trading/holiday candidate
2018-05-01,Tuesday,temporarily unavailable,Temporary unavailable after 4 attempts; weekday responses contained no equity rows; eligible for retry,4,903; 903; 903; 903,Yes,data/raw/html/market_2018-05-01.html,903,Yes,Yes,No,No,No,Not Available,Not Available,No,No,Yes,B — repeated 903-byte empty tables,likely non-trading/holiday candidate
2018-06-08,Friday,temporarily unavailable,Temporary unavailable after 4 attempts; weekday responses contained no equity rows; eligible for retry,4,903; 903; 903; 903,Yes,data/raw/html/market_2018-06-08.html,903,Yes,Yes,No,No,No,Not Available,Not Available,No,No,Yes,B — repeated 903-byte empty tables,likely non-trading/holiday candidate
2018-06-15,Friday,temporarily unavailable,Temporary unavailable after 4 attempts; weekday responses contained no equity rows; eligible for retry,4,903; 903; 903; 903,Yes,data/raw/html/market_2018-06-15.html,903,Yes,Yes,No,No,No,Not Available,Not Available,No,No,Yes,B — repeated 903-byte empty tables,likely non-trading/holiday candidate
2018-06-18,Monday,temporarily unavailable,Temporary unavailable after 4 attempts; weekday responses contained no equity rows; eligible for retry,4,903; 903; 903; 903,Yes,data/raw/html/market_2018-06-18.html,903,Yes,Yes,No,No,No,Not Available,Not Available,No,No,Yes,B — repeated 903-byte empty tables,likely non-trading/holiday candidate
2018-07-25,Wednesday,temporarily unavailable,Temporary unavailable after 4 attempts; weekday responses contained no equity rows; eligible for retry,4,903; 903; 903; 903,Yes,data/raw/html/market_2018-07-25.html,903,Yes,Yes,No,No,No,Not Available,Not Available,No,No,Yes,B — repeated 903-byte empty tables,likely non-trading/holiday candidate
2018-08-14,Tuesday,temporarily unavailable,Temporary unavailable after 4 attempts; weekday responses contained no equity rows; eligible for retry,4,903; 903; 903; 903,Yes,data/raw/html/market_2018-08-14.html,903,Yes,Yes,No,No,No,Not Available,Not Available,No,No,Yes,B — repeated 903-byte empty tables,likely non-trading/holiday candidate
2018-08-21,Tuesday,temporarily unavailable,Temporary unavailable after 4 attempts; weekday responses contained no equity rows; eligible for retry,4,903; 903; 903; 903,Yes,data/raw/html/market_2018-08-21.html,903,Yes,Yes,No,No,No,Not Available,Not Available,No,No,Yes,B — repeated 903-byte empty tables,likely non-trading/holiday candidate
2018-08-22,Wednesday,temporarily unavailable,Temporary unavailable after 4 attempts; weekday responses contained no equity rows; eligible for retry,4,903; 903; 903; 903,Yes,data/raw/html/market_2018-08-22.html,903,Yes,Yes,No,No,No,Not Available,Not Available,No,No,Yes,B — repeated 903-byte empty tables,likely non-trading/holiday candidate
2018-08-23,Thursday,temporarily unavailable,Temporary unavailable after 4 attempts; weekday responses contained no equity rows; eligible for retry,4,903; 903; 903; 903,Yes,data/raw/html/market_2018-08-23.html,903,Yes,Yes,No,No,No,Not Available,Not Available,No,No,Yes,B — repeated 903-byte empty tables,likely non-trading/holiday candidate
2018-09-20,Thursday,temporarily unavailable,Temporary unavailable after 4 attempts; weekday responses contained no equity rows; eligible for retry,4,903; 903; 903; 903,Yes,data/raw/html/market_2018-09-20.html,903,Yes,Yes,No,No,No,Not Available,Not Available,No,No,Yes,B — repeated 903-byte empty tables,likely non-trading/holiday candidate
2018-09-21,Friday,temporarily unavailable,Temporary unavailable after 4 attempts; weekday responses contained no equity rows; eligible for retry,4,903; 903; 903; 903,Yes,data/raw/html/market_2018-09-21.html,903,Yes,Yes,No,No,No,Not Available,Not Available,No,No,Yes,B — repeated 903-byte empty tables,likely non-trading/holiday candidate
2018-11-21,Wednesday,temporarily unavailable,Temporary unavailable after 4 attempts; weekday responses contained no equity rows; eligible for retry,4,903; 903; 903; 903,Yes,data/raw/html/market_2018-11-21.html,903,Yes,Yes,No,No,No,Not Available,Not Available,No,No,Yes,B — repeated 903-byte empty tables,likely non-trading/holiday candidate
2018-12-25,Tuesday,temporarily unavailable,Temporary unavailable after 4 attempts; weekday responses contained no equity rows; eligible for retry,4,903; 903; 903; 903,Yes,data/raw/html/market_2018-12-25.html,903,Yes,Yes,No,No,No,Not Available,Not Available,No,No,Yes,B — repeated 903-byte empty tables,likely non-trading/holiday candidate
2019-02-05,Tuesday,temporarily unavailable,Temporary unavailable after 4 attempts; weekday responses contained no equity rows; eligible for retry,4,903; 903; 903; 903,Yes,data/raw/html/market_2019-02-05.html,903,Yes,Yes,No,No,No,Not Available,Not Available,No,No,Yes,B — repeated 903-byte empty tables,likely non-trading/holiday candidate
2019-05-01,Wednesday,temporarily unavailable,Temporary unavailable after 4 attempts; weekday responses contained no equity rows; eligible for retry,4,903; 903; 903; 903,Yes,data/raw/html/market_2019-05-01.html,903,Yes,Yes,No,No,No,Not Available,Not Available,No,No,Yes,B — repeated 903-byte empty tables,likely non-trading/holiday candidate
2019-05-31,Friday,temporarily unavailable,Temporary unavailable after 4 attempts; weekday responses contained no equity rows; eligible for retry,4,903; 903; 903; 903,Yes,data/raw/html/market_2019-05-31.html,903,Yes,Yes,No,No,No,Not Available,Not Available,No,No,Yes,B — repeated 903-byte empty tables,likely non-trading/holiday candidate
2019-06-04,Tuesday,temporarily unavailable,Temporary unavailable after 4 attempts; weekday responses contained no equity rows; eligible for retry,4,903; 903; 903; 903,Yes,data/raw/html/market_2019-06-04.html,903,Yes,Yes,No,No,No,Not Available,Not Available,No,No,Yes,B — repeated 903-byte empty tables,likely non-trading/holiday candidate
2019-06-05,Wednesday,temporarily unavailable,Temporary unavailable after 4 attempts; weekday responses contained no equity rows; eligible for retry,4,903; 903; 903; 903,Yes,data/raw/html/market_2019-06-05.html,903,Yes,Yes,No,No,No,Not Available,Not Available,No,No,Yes,B — repeated 903-byte empty tables,likely non-trading/holiday candidate
2019-06-06,Thursday,temporarily unavailable,Temporary unavailable after 4 attempts; weekday responses contained no equity rows; eligible for retry,4,903; 903; 903; 903,Yes,data/raw/html/market_2019-06-06.html,903,Yes,Yes,No,No,No,Not Available,Not Available,No,No,Yes,B — repeated 903-byte empty tables,likely non-trading/holiday candidate
2019-06-07,Friday,temporarily unavailable,Temporary unavailable after 4 attempts; weekday responses contained no equity rows; eligible for retry,4,903; 903; 903; 903,Yes,data/raw/html/market_2019-06-07.html,903,Yes,Yes,No,No,No,Not Available,Not Available,No,No,Yes,B — repeated 903-byte empty tables,likely non-trading/holiday candidate
2019-08-12,Monday,temporarily unavailable,Temporary unavailable after 4 attempts; weekday responses contained no equity rows; eligible for retry,4,903; 903; 903; 903,Yes,data/raw/html/market_2019-08-12.html,903,Yes,Yes,No,No,No,Not Available,Not Available,No,No,Yes,B — repeated 903-byte empty tables,likely non-trading/holiday candidate
2019-08-13,Tuesday,temporarily unavailable,Temporary unavailable after 4 attempts; weekday responses contained no equity rows; eligible for retry,4,903; 903; 903; 903,Yes,data/raw/html/market_2019-08-13.html,903,Yes,Yes,No,No,No,Not Available,Not Available,No,No,Yes,B — repeated 903-byte empty tables,likely non-trading/holiday candidate
2019-08-14,Wednesday,temporarily unavailable,Temporary unavailable after 4 attempts; weekday responses contained no equity rows; eligible for retry,4,903; 903; 903; 903,Yes,data/raw/html/market_2019-08-14.html,903,Yes,Yes,No,No,No,Not Available,Not Available,No,No,Yes,B — repeated 903-byte empty tables,likely non-trading/holiday candidate
2019-08-15,Thursday,temporarily unavailable,Temporary unavailable after 4 attempts; weekday responses contained no equity rows; eligible for retry,4,903; 903; 903; 903,Yes,data/raw/html/market_2019-08-15.html,903,Yes,Yes,No,No,No,Not Available,Not Available,No,No,Yes,B — repeated 903-byte empty tables,likely non-trading/holiday candidate
2019-09-09,Monday,temporarily unavailable,Temporary unavailable after 4 attempts; weekday responses contained no equity rows; eligible for retry,4,903; 903; 903; 903,Yes,data/raw/html/market_2019-09-09.html,903,Yes,Yes,No,No,No,Not Available,Not Available,No,No,Yes,B — repeated 903-byte empty tables,likely non-trading/holiday candidate
2019-09-10,Tuesday,temporarily unavailable,Temporary unavailable after 4 attempts; weekday responses contained no equity rows; eligible for retry,4,903; 903; 903; 903,Yes,data/raw/html/market_2019-09-10.html,903,Yes,Yes,No,No,No,Not Available,Not Available,No,No,Yes,B — repeated 903-byte empty tables,likely non-trading/holiday candidate
2019-12-25,Wednesday,temporarily unavailable,Temporary unavailable after 4 attempts; weekday responses contained no equity rows; eligible for retry,4,903; 903; 903; 903,Yes,data/raw/html/market_2019-12-25.html,903,Yes,Yes,No,No,No,Not Available,Not Available,No,No,Yes,B — repeated 903-byte empty tables,likely non-trading/holiday candidate
2020-02-05,Wednesday,temporarily unavailable,Temporary unavailable after 4 attempts; weekday responses contained no equity rows; eligible for retry,4,903; 903; 903; 903,Yes,data/raw/html/market_2020-02-05.html,903,Yes,Yes,No,No,No,Not Available,Not Available,No,No,Yes,B — repeated 903-byte empty tables,likely non-trading/holiday candidate
2020-03-23,Monday,temporarily unavailable,Temporary unavailable after 4 attempts; weekday responses contained no equity rows; eligible for retry,4,903; 903; 903; 903,Yes,data/raw/html/market_2020-03-23.html,903,Yes,Yes,No,No,No,Not Available,Not Available,No,No,Yes,B — repeated 903-byte empty tables,likely non-trading/holiday candidate
2020-05-01,Friday,temporarily unavailable,Temporary unavailable after 4 attempts; weekday responses contained no equity rows; eligible for retry,4,903; 903; 903; 903,Yes,data/raw/html/market_2020-05-01.html,903,Yes,Yes,No,No,No,Not Available,Not Available,No,No,Yes,B — repeated 903-byte empty tables,likely non-trading/holiday candidate
2020-05-22,Friday,temporarily unavailable,Temporary unavailable after 4 attempts; weekday responses contained no equity rows; eligible for retry,4,903; 903; 903; 903,Yes,data/raw/html/market_2020-05-22.html,903,Yes,Yes,No,No,No,Not Available,Not Available,No,No,Yes,B — repeated 903-byte empty tables,likely non-trading/holiday candidate
2020-05-25,Monday,temporarily unavailable,Temporary unavailable after 4 attempts; weekday responses contained no equity rows; eligible for retry,4,903; 903; 903; 903,Yes,data/raw/html/market_2020-05-25.html,903,Yes,Yes,No,No,No,Not Available,Not Available,No,No,Yes,B — repeated 903-byte empty tables,likely non-trading/holiday candidate
2020-05-26,Tuesday,temporarily unavailable,Temporary unavailable after 4 attempts; weekday responses contained no equity rows; eligible for retry,4,903; 903; 903; 903,Yes,data/raw/html/market_2020-05-26.html,903,Yes,Yes,No,No,No,Not Available,Not Available,No,No,Yes,B — repeated 903-byte empty tables,likely non-trading/holiday candidate
2020-05-27,Wednesday,temporarily unavailable,Temporary unavailable after 4 attempts; weekday responses contained no equity rows; eligible for retry,4,903; 903; 903; 903,Yes,data/raw/html/market_2020-05-27.html,903,Yes,Yes,No,No,No,Not Available,Not Available,No,No,Yes,B — repeated 903-byte empty tables,likely non-trading/holiday candidate
2020-07-31,Friday,temporarily unavailable,Temporary unavailable after 4 attempts; weekday responses contained no equity rows; eligible for retry,4,903; 903; 903; 903,Yes,data/raw/html/market_2020-07-31.html,903,Yes,Yes,No,No,No,Not Available,Not Available,No,No,Yes,B — repeated 903-byte empty tables,likely non-trading/holiday candidate
2020-08-14,Friday,temporarily unavailable,Temporary unavailable after 4 attempts; weekday responses contained no equity rows; eligible for retry,4,903; 903; 903; 903,Yes,data/raw/html/market_2020-08-14.html,903,Yes,Yes,No,No,No,Not Available,Not Available,No,No,Yes,B — repeated 903-byte empty tables,likely non-trading/holiday candidate
2020-10-30,Friday,temporarily unavailable,Temporary unavailable after 4 attempts; weekday responses contained no equity rows; eligible for retry,4,903; 903; 903; 903,Yes,data/raw/html/market_2020-10-30.html,903,Yes,Yes,No,No,No,Not Available,Not Available,No,No,Yes,B — repeated 903-byte empty tables,likely non-trading/holiday candidate
2020-12-25,Friday,temporarily unavailable,Temporary unavailable after 4 attempts; weekday responses contained no equity rows; eligible for retry,4,903; 903; 903; 903,Yes,data/raw/html/market_2020-12-25.html,903,Yes,Yes,No,No,No,Not Available,Not Available,No,No,Yes,B — repeated 903-byte empty tables,likely non-trading/holiday candidate
2021-02-05,Friday,temporarily unavailable,Temporary unavailable after 4 attempts; weekday responses contained no equity rows; eligible for retry,4,903; 903; 903; 903,Yes,data/raw/html/market_2021-02-05.html,903,Yes,Yes,No,No,No,Not Available,Not Available,No,No,Yes,B — repeated 903-byte empty tables,likely non-trading/holiday candidate
2021-03-23,Tuesday,temporarily unavailable,Temporary unavailable after 4 attempts; weekday responses contained no equity rows; eligible for retry,4,903; 903; 903; 903,Yes,data/raw/html/market_2021-03-23.html,903,Yes,Yes,No,No,No,Not Available,Not Available,No,No,Yes,B — repeated 903-byte empty tables,likely non-trading/holiday candidate
2021-05-07,Friday,temporarily unavailable,Temporary unavailable after 4 attempts; weekday responses contained no equity rows; eligible for retry,4,903; 903; 903; 903,Yes,data/raw/html/market_2021-05-07.html,903,Yes,Yes,No,No,No,Not Available,Not Available,No,No,Yes,B — repeated 903-byte empty tables,likely non-trading/holiday candidate
2021-05-10,Monday,temporarily unavailable,Temporary unavailable after 4 attempts; weekday responses contained no equity rows; eligible for retry,4,903; 903; 903; 903,Yes,data/raw/html/market_2021-05-10.html,903,Yes,Yes,No,No,No,Not Available,Not Available,No,No,Yes,B — repeated 903-byte empty tables,likely non-trading/holiday candidate
2021-05-11,Tuesday,temporarily unavailable,Temporary unavailable after 4 attempts; weekday responses contained no equity rows; eligible for retry,4,903; 903; 903; 903,Yes,data/raw/html/market_2021-05-11.html,903,Yes,Yes,No,No,No,Not Available,Not Available,No,No,Yes,B — repeated 903-byte empty tables,likely non-trading/holiday candidate
2021-05-12,Wednesday,temporarily unavailable,Temporary unavailable after 4 attempts; weekday responses contained no equity rows; eligible for retry,4,903; 903; 903; 903,Yes,data/raw/html/market_2021-05-12.html,903,Yes,Yes,No,No,No,Not Available,Not Available,No,No,Yes,B — repeated 903-byte empty tables,likely non-trading/holiday candidate
2021-05-13,Thursday,temporarily unavailable,Temporary unavailable after 4 attempts; weekday responses contained no equity rows; eligible for retry,4,903; 903; 903; 903,Yes,data/raw/html/market_2021-05-13.html,903,Yes,Yes,No,No,No,Not Available,Not Available,No,No,Yes,B — repeated 903-byte empty tables,likely non-trading/holiday candidate
2021-05-14,Friday,temporarily unavailable,Temporary unavailable after 4 attempts; weekday responses contained no equity rows; eligible for retry,4,903; 903; 903; 903,Yes,data/raw/html/market_2021-05-14.html,903,Yes,Yes,No,No,No,Not Available,Not Available,No,No,Yes,B — repeated 903-byte empty tables,likely non-trading/holiday candidate
2021-07-20,Tuesday,temporarily unavailable,Temporary unavailable after 4 attempts; weekday responses contained no equity rows; eligible for retry,4,903; 903; 903; 903,Yes,data/raw/html/market_2021-07-20.html,903,Yes,Yes,No,No,No,Not Available,Not Available,No,No,Yes,B — repeated 903-byte empty tables,likely non-trading/holiday candidate
2021-07-21,Wednesday,temporarily unavailable,Temporary unavailable after 4 attempts; weekday responses contained no equity rows; eligible for retry,4,903; 903; 903; 903,Yes,data/raw/html/market_2021-07-21.html,903,Yes,Yes,No,No,No,Not Available,Not Available,No,No,Yes,B — repeated 903-byte empty tables,likely non-trading/holiday candidate
2021-07-22,Thursday,temporarily unavailable,Temporary unavailable after 4 attempts; weekday responses contained no equity rows; eligible for retry,4,903; 903; 903; 903,Yes,data/raw/html/market_2021-07-22.html,903,Yes,Yes,No,No,No,Not Available,Not Available,No,No,Yes,B — repeated 903-byte empty tables,likely non-trading/holiday candidate
2021-08-18,Wednesday,temporarily unavailable,Temporary unavailable after 4 attempts; weekday responses contained no equity rows; eligible for retry,4,903; 903; 903; 903,Yes,data/raw/html/market_2021-08-18.html,903,Yes,Yes,No,No,No,Not Available,Not Available,No,No,Yes,B — repeated 903-byte empty tables,likely non-trading/holiday candidate
2021-08-19,Thursday,temporarily unavailable,Temporary unavailable after 4 attempts; weekday responses contained no equity rows; eligible for retry,4,903; 903; 903; 903,Yes,data/raw/html/market_2021-08-19.html,903,Yes,Yes,No,No,No,Not Available,Not Available,No,No,Yes,B — repeated 903-byte empty tables,likely non-trading/holiday candidate
2022-03-23,Wednesday,temporarily unavailable,Temporary unavailable after 4 attempts; weekday responses contained no equity rows; eligible for retry,4,903; 903; 903; 903,Yes,data/raw/html/market_2022-03-23.html,903,Yes,Yes,No,No,No,Not Available,Not Available,No,No,Yes,B — repeated 903-byte empty tables,likely non-trading/holiday candidate
2022-04-29,Friday,temporarily unavailable,Temporary unavailable after 4 attempts; weekday responses contained no equity rows; eligible for retry,4,903; 903; 903; 903,Yes,data/raw/html/market_2022-04-29.html,903,Yes,Yes,No,No,No,Not Available,Not Available,No,No,Yes,B — repeated 903-byte empty tables,likely non-trading/holiday candidate
2022-05-02,Monday,temporarily unavailable,Temporary unavailable after 4 attempts; weekday responses contained no equity rows; eligible for retry,4,903; 903; 903; 903,Yes,data/raw/html/market_2022-05-02.html,903,Yes,Yes,No,No,No,Not Available,Not Available,No,No,Yes,B — repeated 903-byte empty tables,likely non-trading/holiday candidate
2022-05-03,Tuesday,temporarily unavailable,Temporary unavailable after 4 attempts; weekday responses contained no equity rows; eligible for retry,4,903; 903; 903; 903,Yes,data/raw/html/market_2022-05-03.html,903,Yes,Yes,No,No,No,Not Available,Not Available,No,No,Yes,B — repeated 903-byte empty tables,likely non-trading/holiday candidate
2022-05-04,Wednesday,temporarily unavailable,Temporary unavailable after 4 attempts; weekday responses contained no equity rows; eligible for retry,4,903; 903; 903; 903,Yes,data/raw/html/market_2022-05-04.html,903,Yes,Yes,No,No,No,Not Available,Not Available,No,No,Yes,B — repeated 903-byte empty tables,likely non-trading/holiday candidate
2022-05-05,Thursday,temporarily unavailable,Temporary unavailable after 4 attempts; weekday responses contained no equity rows; eligible for retry,4,903; 903; 903; 903,Yes,data/raw/html/market_2022-05-05.html,903,Yes,Yes,No,No,No,Not Available,Not Available,No,No,Yes,B — repeated 903-byte empty tables,likely non-trading/holiday candidate
2022-07-08,Friday,temporarily unavailable,Temporary unavailable after 4 attempts; weekday responses contained no equity rows; eligible for retry,4,903; 903; 903; 903,Yes,data/raw/html/market_2022-07-08.html,903,Yes,Yes,No,No,No,Not Available,Not Available,No,No,Yes,B — repeated 903-byte empty tables,likely non-trading/holiday candidate
2022-07-11,Monday,temporarily unavailable,Temporary unavailable after 4 attempts; weekday responses contained no equity rows; eligible for retry,4,903; 903; 903; 903,Yes,data/raw/html/market_2022-07-11.html,903,Yes,Yes,No,No,No,Not Available,Not Available,No,No,Yes,B — repeated 903-byte empty tables,likely non-trading/holiday candidate
2022-07-12,Tuesday,temporarily unavailable,Temporary unavailable after 4 attempts; weekday responses contained no equity rows; eligible for retry,4,903; 903; 903; 903,Yes,data/raw/html/market_2022-07-12.html,903,Yes,Yes,No,No,No,Not Available,Not Available,No,No,Yes,B — repeated 903-byte empty tables,likely non-trading/holiday candidate
2022-08-08,Monday,temporarily unavailable,Temporary unavailable after 4 attempts; weekday responses contained no equity rows; eligible for retry,4,903; 903; 903; 903,Yes,data/raw/html/market_2022-08-08.html,903,Yes,Yes,No,No,No,Not Available,Not Available,No,No,Yes,B — repeated 903-byte empty tables,likely non-trading/holiday candidate
2022-08-09,Tuesday,temporarily unavailable,Temporary unavailable after 4 attempts; weekday responses contained no equity rows; eligible for retry,4,903; 903; 903; 903,Yes,data/raw/html/market_2022-08-09.html,903,Yes,Yes,No,No,No,Not Available,Not Available,No,No,Yes,B — repeated 903-byte empty tables,likely non-trading/holiday candidate
2022-11-09,Wednesday,temporarily unavailable,Temporary unavailable after 4 attempts; weekday responses contained no equity rows; eligible for retry,4,903; 903; 903; 903,Yes,data/raw/html/market_2022-11-09.html,903,Yes,Yes,No,No,No,Not Available,Not Available,No,No,Yes,B — repeated 903-byte empty tables,likely non-trading/holiday candidate
2023-03-23,Thursday,temporarily unavailable,Temporary unavailable after 4 attempts; weekday responses contained no equity rows; eligible for retry,4,903; 903; 903; 903,Yes,data/raw/html/market_2023-03-23.html,903,Yes,Yes,No,No,No,Not Available,Not Available,No,No,Yes,B — repeated 903-byte empty tables,likely non-trading/holiday candidate
2023-04-14,Friday,temporarily unavailable,Temporary unavailable after 4 attempts; weekday responses contained no equity rows; eligible for retry,4,903; 903; 903; 903,Yes,data/raw/html/market_2023-04-14.html,903,Yes,Yes,No,No,No,Not Available,Not Available,No,No,Yes,B — repeated 903-byte empty tables,likely non-trading/holiday candidate
2023-04-21,Friday,temporarily unavailable,Temporary unavailable after 4 attempts; weekday responses contained no equity rows; eligible for retry,4,903; 903; 903; 903,Yes,data/raw/html/market_2023-04-21.html,903,Yes,Yes,No,No,No,Not Available,Not Available,No,No,Yes,B — repeated 903-byte empty tables,likely non-trading/holiday candidate
2023-04-24,Monday,temporarily unavailable,Temporary unavailable after 4 attempts; weekday responses contained no equity rows; eligible for retry,4,903; 903; 903; 903,Yes,data/raw/html/market_2023-04-24.html,903,Yes,Yes,No,No,No,Not Available,Not Available,No,No,Yes,B — repeated 903-byte empty tables,likely non-trading/holiday candidate
2023-04-25,Tuesday,temporarily unavailable,Temporary unavailable after 4 attempts; weekday responses contained no equity rows; eligible for retry,4,903; 903; 903; 903,Yes,data/raw/html/market_2023-04-25.html,903,Yes,Yes,No,No,No,Not Available,Not Available,No,No,Yes,B — repeated 903-byte empty tables,likely non-trading/holiday candidate
2023-05-01,Monday,temporarily unavailable,Temporary unavailable after 4 attempts; weekday responses contained no equity rows; eligible for retry,4,903; 903; 903; 903,Yes,data/raw/html/market_2023-05-01.html,903,Yes,Yes,No,No,No,Not Available,Not Available,No,No,Yes,B — repeated 903-byte empty tables,likely non-trading/holiday candidate
2023-06-28,Wednesday,temporarily unavailable,Temporary unavailable after 4 attempts; weekday responses contained no equity rows; eligible for retry,4,903; 903; 903; 903,Yes,data/raw/html/market_2023-06-28.html,903,Yes,Yes,No,No,No,Not Available,Not Available,No,No,Yes,B — repeated 903-byte empty tables,likely non-trading/holiday candidate
2023-06-29,Thursday,temporarily unavailable,Temporary unavailable after 4 attempts; weekday responses contained no equity rows; eligible for retry,4,903; 903; 903; 903,Yes,data/raw/html/market_2023-06-29.html,903,Yes,Yes,No,No,No,Not Available,Not Available,No,No,Yes,B — repeated 903-byte empty tables,likely non-trading/holiday candidate
2023-06-30,Friday,temporarily unavailable,Temporary unavailable after 4 attempts; weekday responses contained no equity rows; eligible for retry,4,903; 903; 903; 903,Yes,data/raw/html/market_2023-06-30.html,903,Yes,Yes,No,No,No,Not Available,Not Available,No,No,Yes,B — repeated 903-byte empty tables,likely non-trading/holiday candidate
2023-07-28,Friday,temporarily unavailable,Temporary unavailable after 4 attempts; weekday responses contained no equity rows; eligible for retry,4,903; 903; 903; 903,Yes,data/raw/html/market_2023-07-28.html,903,Yes,Yes,No,No,No,Not Available,Not Available,No,No,Yes,B — repeated 903-byte empty tables,likely non-trading/holiday candidate
2023-08-14,Monday,temporarily unavailable,Temporary unavailable after 4 attempts; weekday responses contained no equity rows; eligible for retry,4,903; 903; 903; 903,Yes,data/raw/html/market_2023-08-14.html,903,Yes,Yes,No,No,No,Not Available,Not Available,No,No,Yes,B — repeated 903-byte empty tables,likely non-trading/holiday candidate
2023-09-29,Friday,temporarily unavailable,Temporary unavailable after 4 attempts; weekday responses contained no equity rows; eligible for retry,4,903; 903; 903; 903,Yes,data/raw/html/market_2023-09-29.html,903,Yes,Yes,No,No,No,Not Available,Not Available,No,No,Yes,B — repeated 903-byte empty tables,likely non-trading/holiday candidate
2023-11-09,Thursday,temporarily unavailable,Temporary unavailable after 4 attempts; weekday responses contained no equity rows; eligible for retry,4,903; 903; 903; 903,Yes,data/raw/html/market_2023-11-09.html,903,Yes,Yes,No,No,No,Not Available,Not Available,No,No,Yes,B — repeated 903-byte empty tables,likely non-trading/holiday candidate
2023-12-25,Monday,temporarily unavailable,Temporary unavailable after 4 attempts; weekday responses contained no equity rows; eligible for retry,4,903; 903; 903; 903,Yes,data/raw/html/market_2023-12-25.html,903,Yes,Yes,No,No,No,Not Available,Not Available,No,No,Yes,B — repeated 903-byte empty tables,likely non-trading/holiday candidate
2024-02-05,Monday,temporarily unavailable,Temporary unavailable after 4 attempts; weekday responses contained no equity rows; eligible for retry,4,903; 903; 903; 903,Yes,data/raw/html/market_2024-02-05.html,903,Yes,Yes,No,No,No,Not Available,Not Available,No,No,Yes,B — repeated 903-byte empty tables,likely non-trading/holiday candidate
2024-02-08,Thursday,temporarily unavailable,Temporary unavailable after 4 attempts; weekday responses contained no equity rows; eligible for retry,4,903; 903; 903; 903,Yes,data/raw/html/market_2024-02-08.html,903,Yes,Yes,No,No,No,Not Available,Not Available,No,No,Yes,B — repeated 903-byte empty tables,likely non-trading/holiday candidate
2024-04-05,Friday,temporarily unavailable,Temporary unavailable after 4 attempts; weekday responses contained no equity rows; eligible for retry,4,903; 903; 903; 903,Yes,data/raw/html/market_2024-04-05.html,903,Yes,Yes,No,No,No,Not Available,Not Available,No,No,Yes,B — repeated 903-byte empty tables,likely non-trading/holiday candidate
2024-04-10,Wednesday,temporarily unavailable,Temporary unavailable after 4 attempts; weekday responses contained no equity rows; eligible for retry,4,903; 903; 903; 903,Yes,data/raw/html/market_2024-04-10.html,903,Yes,Yes,No,No,No,Not Available,Not Available,No,No,Yes,B — repeated 903-byte empty tables,likely non-trading/holiday candidate
2024-04-11,Thursday,temporarily unavailable,Temporary unavailable after 4 attempts; weekday responses contained no equity rows; eligible for retry,4,903; 903; 903; 903,Yes,data/raw/html/market_2024-04-11.html,903,Yes,Yes,No,No,No,Not Available,Not Available,No,No,Yes,B — repeated 903-byte empty tables,likely non-trading/holiday candidate
2024-04-12,Friday,temporarily unavailable,Temporary unavailable after 4 attempts; weekday responses contained no equity rows; eligible for retry,4,903; 903; 903; 903,Yes,data/raw/html/market_2024-04-12.html,903,Yes,Yes,No,No,No,Not Available,Not Available,No,No,Yes,B — repeated 903-byte empty tables,likely non-trading/holiday candidate
2024-05-01,Wednesday,temporarily unavailable,Temporary unavailable after 4 attempts; weekday responses contained no equity rows; eligible for retry,4,903; 903; 903; 903,Yes,data/raw/html/market_2024-05-01.html,903,Yes,Yes,No,No,No,Not Available,Not Available,No,No,Yes,B — repeated 903-byte empty tables,likely non-trading/holiday candidate
2024-05-28,Tuesday,temporarily unavailable,Temporary unavailable after 4 attempts; weekday responses contained no equity rows; eligible for retry,4,903; 903; 903; 903,Yes,data/raw/html/market_2024-05-28.html,903,Yes,Yes,No,No,No,Not Available,Not Available,No,No,Yes,B — repeated 903-byte empty tables,likely non-trading/holiday candidate
2024-06-17,Monday,temporarily unavailable,Temporary unavailable after 4 attempts; weekday responses contained no equity rows; eligible for retry,4,903; 903; 903; 903,Yes,data/raw/html/market_2024-06-17.html,903,Yes,Yes,No,No,No,Not Available,Not Available,No,No,Yes,B — repeated 903-byte empty tables,likely non-trading/holiday candidate
2024-06-18,Tuesday,temporarily unavailable,Temporary unavailable after 4 attempts; weekday responses contained no equity rows; eligible for retry,4,903; 903; 903; 903,Yes,data/raw/html/market_2024-06-18.html,903,Yes,Yes,No,No,No,Not Available,Not Available,No,No,Yes,B — repeated 903-byte empty tables,likely non-trading/holiday candidate
2024-06-19,Wednesday,temporarily unavailable,Temporary unavailable after 4 attempts; weekday responses contained no equity rows; eligible for retry,4,903; 903; 903; 903,Yes,data/raw/html/market_2024-06-19.html,903,Yes,Yes,No,No,No,Not Available,Not Available,No,No,Yes,B — repeated 903-byte empty tables,likely non-trading/holiday candidate
2024-07-16,Tuesday,temporarily unavailable,Temporary unavailable after 4 attempts; weekday responses contained no equity rows; eligible for retry,4,903; 903; 903; 903,Yes,data/raw/html/market_2024-07-16.html,903,Yes,Yes,No,No,No,Not Available,Not Available,No,No,Yes,B — repeated 903-byte empty tables,likely non-trading/holiday candidate
2024-07-17,Wednesday,temporarily unavailable,Temporary unavailable after 4 attempts; weekday responses contained no equity rows; eligible for retry,4,903; 903; 903; 903,Yes,data/raw/html/market_2024-07-17.html,903,Yes,Yes,No,No,No,Not Available,Not Available,No,No,Yes,B — repeated 903-byte empty tables,likely non-trading/holiday candidate
2024-08-14,Wednesday,temporarily unavailable,Temporary unavailable after 4 attempts; weekday responses contained no equity rows; eligible for retry,4,903; 903; 903; 903,Yes,data/raw/html/market_2024-08-14.html,903,Yes,Yes,No,No,No,Not Available,Not Available,No,No,Yes,B — repeated 903-byte empty tables,likely non-trading/holiday candidate
2024-09-17,Tuesday,temporarily unavailable,Temporary unavailable after 4 attempts; weekday responses contained no equity rows; eligible for retry,4,903; 903; 903; 903,Yes,data/raw/html/market_2024-09-17.html,903,Yes,Yes,No,No,No,Not Available,Not Available,No,No,Yes,B — repeated 903-byte empty tables,likely non-trading/holiday candidate
2024-11-22,Friday,failed,PsxClientError: PSX request failed for 2024-11-22: 502 Server Error: Bad Gateway for url: https://dps.psx.com.pk/historical,1,Not Available,No,Not Available,Not Available,Not Available,Not Available,Not Available,No,No,Not Available,Not Available,No,No,No,E — failed date,inspect failed request
2024-12-25,Wednesday,temporarily unavailable,Temporary unavailable after 4 attempts; weekday responses contained no equity rows; eligible for retry,4,903; 903; 903; 903,Yes,data/raw/html/market_2024-12-25.html,903,Yes,Yes,No,No,No,Not Available,Not Available,No,No,Yes,B — repeated 903-byte empty tables,likely non-trading/holiday candidate
2025-02-05,Wednesday,temporarily unavailable,Temporary unavailable after 4 attempts; weekday responses contained no equity rows; eligible for retry,4,903; 903; 903; 903,Yes,data/raw/html/market_2025-02-05.html,903,Yes,Yes,No,No,No,Not Available,Not Available,No,No,Yes,B — repeated 903-byte empty tables,likely non-trading/holiday candidate
2025-03-28,Friday,temporarily unavailable,Temporary unavailable after 4 attempts; weekday responses contained no equity rows; eligible for retry,4,903; 903; 903; 903,Yes,data/raw/html/market_2025-03-28.html,903,Yes,Yes,No,No,No,Not Available,Not Available,No,No,Yes,B — repeated 903-byte empty tables,likely non-trading/holiday candidate
2025-03-31,Monday,temporarily unavailable,Temporary unavailable after 4 attempts; weekday responses contained no equity rows; eligible for retry,4,903; 903; 903; 903,Yes,data/raw/html/market_2025-03-31.html,903,Yes,Yes,No,No,No,Not Available,Not Available,No,No,Yes,B — repeated 903-byte empty tables,likely non-trading/holiday candidate
2025-04-01,Tuesday,temporarily unavailable,Temporary unavailable after 4 attempts; weekday responses contained no equity rows; eligible for retry,4,903; 903; 903; 903,Yes,data/raw/html/market_2025-04-01.html,903,Yes,Yes,No,No,No,Not Available,Not Available,No,No,Yes,B — repeated 903-byte empty tables,likely non-trading/holiday candidate
2025-04-02,Wednesday,temporarily unavailable,Temporary unavailable after 4 attempts; weekday responses contained no equity rows; eligible for retry,4,903; 903; 903; 903,Yes,data/raw/html/market_2025-04-02.html,903,Yes,Yes,No,No,No,Not Available,Not Available,No,No,Yes,B — repeated 903-byte empty tables,likely non-trading/holiday candidate
2025-05-01,Thursday,temporarily unavailable,Temporary unavailable after 4 attempts; weekday responses contained no equity rows; eligible for retry,4,903; 903; 903; 903,Yes,data/raw/html/market_2025-05-01.html,903,Yes,Yes,No,No,No,Not Available,Not Available,No,No,Yes,B — repeated 903-byte empty tables,likely non-trading/holiday candidate
2025-05-28,Wednesday,temporarily unavailable,Temporary unavailable after 4 attempts; weekday responses contained no equity rows; eligible for retry,4,903; 903; 903; 903,Yes,data/raw/html/market_2025-05-28.html,903,Yes,Yes,No,No,No,Not Available,Not Available,No,No,Yes,B — repeated 903-byte empty tables,likely non-trading/holiday candidate
2025-06-06,Friday,temporarily unavailable,Temporary unavailable after 4 attempts; weekday responses contained no equity rows; eligible for retry,4,903; 903; 903; 903,Yes,data/raw/html/market_2025-06-06.html,903,Yes,Yes,No,No,No,Not Available,Not Available,No,No,Yes,B — repeated 903-byte empty tables,likely non-trading/holiday candidate
2025-06-09,Monday,temporarily unavailable,Temporary unavailable after 4 attempts; weekday responses contained no equity rows; eligible for retry,4,903; 903; 903; 903,Yes,data/raw/html/market_2025-06-09.html,903,Yes,Yes,No,No,No,Not Available,Not Available,No,No,Yes,B — repeated 903-byte empty tables,likely non-trading/holiday candidate
2025-08-14,Thursday,temporarily unavailable,Temporary unavailable after 4 attempts; weekday responses contained no equity rows; eligible for retry,4,903; 903; 903; 903,Yes,data/raw/html/market_2025-08-14.html,903,Yes,Yes,No,No,No,Not Available,Not Available,No,No,Yes,B — repeated 903-byte empty tables,likely non-trading/holiday candidate
2025-12-25,Thursday,temporarily unavailable,Temporary unavailable after 4 attempts; weekday responses contained no equity rows; eligible for retry,4,903; 903; 903; 903,Yes,data/raw/html/market_2025-12-25.html,903,Yes,Yes,No,No,No,Not Available,Not Available,No,No,Yes,B — repeated 903-byte empty tables,likely non-trading/holiday candidate
2026-02-05,Thursday,temporarily unavailable,Temporary unavailable after 4 attempts; weekday responses contained no equity rows; eligible for retry,4,903; 903; 903; 903,Yes,data/raw/html/market_2026-02-05.html,903,Yes,Yes,No,No,No,Not Available,Not Available,No,No,Yes,B — repeated 903-byte empty tables,likely non-trading/holiday candidate
2026-03-20,Friday,temporarily unavailable,Temporary unavailable after 4 attempts; weekday responses contained no equity rows; eligible for retry,4,903; 903; 903; 903,Yes,data/raw/html/market_2026-03-20.html,903,Yes,Yes,No,No,No,Not Available,Not Available,No,No,Yes,B — repeated 903-byte empty tables,likely non-trading/holiday candidate
2026-03-23,Monday,temporarily unavailable,Temporary unavailable after 4 attempts; weekday responses contained no equity rows; eligible for retry,4,903; 903; 903; 903,Yes,data/raw/html/market_2026-03-23.html,903,Yes,Yes,No,No,No,Not Available,Not Available,No,No,Yes,B — repeated 903-byte empty tables,likely non-trading/holiday candidate
2026-05-01,Friday,temporarily unavailable,Temporary unavailable after 4 attempts; weekday responses contained no equity rows; eligible for retry,4,903; 903; 903; 903,Yes,data/raw/html/market_2026-05-01.html,903,Yes,Yes,No,No,No,Not Available,Not Available,No,No,Yes,B — repeated 903-byte empty tables,likely non-trading/holiday candidate
2026-05-26,Tuesday,temporarily unavailable,Temporary unavailable after 4 attempts; weekday responses contained no equity rows; eligible for retry,4,903; 903; 903; 903,Yes,data/raw/html/market_2026-05-26_attempt_04_pbwtpa5z.html,903,Yes,Yes,No,No,No,Not Available,Not Available,No,No,Yes,B — repeated 903-byte empty tables,likely non-trading/holiday candidate
2026-05-27,Wednesday,temporarily unavailable,Temporary unavailable after 4 attempts; weekday responses contained no equity rows; eligible for retry,4,903; 903; 903; 903,Yes,data/raw/html/market_2026-05-27.html,903,Yes,Yes,No,No,No,Not Available,Not Available,No,No,Yes,B — repeated 903-byte empty tables,likely non-trading/holiday candidate
2026-05-28,Thursday,temporarily unavailable,Temporary unavailable after 4 attempts; weekday responses contained no equity rows; eligible for retry,4,903; 903; 903; 903,Yes,data/raw/html/market_2026-05-28.html,903,Yes,Yes,No,No,No,Not Available,Not Available,No,No,Yes,B — repeated 903-byte empty tables,likely non-trading/holiday candidate
2026-06-25,Thursday,temporarily unavailable,Temporary unavailable after 4 attempts; weekday responses contained no equity rows; eligible for retry,4,903; 903; 903; 903,Yes,data/raw/html/market_2026-06-25.html,903,Yes,Yes,No,No,No,Not Available,Not Available,No,No,Yes,B — repeated 903-byte empty tables,likely non-trading/holiday candidate
2026-06-26,Friday,temporarily unavailable,Temporary unavailable after 4 attempts; weekday responses contained no equity rows; eligible for retry,4,903; 903; 903; 903,Yes,data/raw/html/market_2026-06-26.html,903,Yes,Yes,No,No,No,Not Available,Not Available,No,No,Yes,B — repeated 903-byte empty tables,likely non-trading/holiday candidate
2026-08-05,Wednesday,temporarily unavailable,Today is not final,0,Not Available,No,Not Available,Not Available,Not Available,Not Available,Not Available,No,No,Not Available,Not Available,No,No,No,F — missing/corrupt raw HTML,manual review
