"symbol","company_name","total_raw_rows","affected_row_count","affected_history_percent","first_affected_date","last_affected_date","open_zero_or_negative_count","high_zero_or_negative_count","low_zero_or_negative_count","close_zero_or_negative_count","negative_price_row_count","valid_close_only_ohl_zero_row_count","all_ohlc_zero_row_count","affected_volume_zero_count","affected_volume_near_zero_le_100_count","affected_volume_positive_count","affected_volume_min","affected_volume_median","affected_volume_max","no_trade_style_row_count","partial_zero_ohlc_row_count","affected_rows_adjacent_to_normal_count","surrounding_normal_observation","primary_pattern"
"GGL","Ghani Global Holdings Limited",2484,1,"0.040258","2019-07-25","2019-07-25",1,0,0,0,0,1,0,0,0,1,2000,"2000.000000",2000,0,1,1,True,"ISOLATED_BAD_ROWS"
"KOHC","Kohat Cement Company Limited",2484,1,"0.040258","2022-07-06","2022-07-06",1,0,0,0,0,1,0,0,0,1,76600,"76600.000000",76600,0,1,1,True,"ISOLATED_BAD_ROWS"
"AGL","Agritech Limited",2483,1,"0.040274","2017-03-27","2017-03-27",1,0,0,0,0,1,0,0,0,1,84000,"84000.000000",84000,0,1,1,True,"ISOLATED_BAD_ROWS"
"JSCL","Jahangir Siddiqui & Co. Ltd.",2483,1,"0.040274","2023-04-11","2023-04-11",1,0,0,0,0,1,0,0,0,1,3000,"3000.000000",3000,0,1,1,True,"ISOLATED_BAD_ROWS"
"APL","Attock Petroleum Limited",2481,1,"0.040306","2018-02-22","2018-02-22",1,0,0,0,0,1,0,0,1,1,100,"100.000000",100,0,1,1,True,"ISOLATED_BAD_ROWS"
"STCL","Shabbir Tiles & Ceramics Limited",2481,1,"0.040306","2024-03-13","2024-03-13",1,1,1,0,0,1,0,0,0,1,500,"500.000000",500,0,1,1,True,"ISOLATED_BAD_ROWS"
"GHGL","Ghani Glass Limited",2479,1,"0.040339","2020-05-08","2020-05-08",1,0,0,0,0,1,0,0,0,1,1000,"1000.000000",1000,0,1,1,True,"ISOLATED_BAD_ROWS"
"QUICE","Quice Food Industries Limited",2477,1,"0.040371","2023-02-22","2023-02-22",1,0,0,0,0,1,0,0,0,1,1500,"1500.000000",1500,0,1,1,True,"ISOLATED_BAD_ROWS"
"DSIL","D.S. Industries Limited",2475,1,"0.040404","2023-04-18","2023-04-18",1,0,0,0,0,1,0,0,0,1,500,"500.000000",500,0,1,1,True,"ISOLATED_BAD_ROWS"
"CSAP","Crescent Steel & Allied Products Limited",2473,1,"0.040437","2023-02-20","2023-02-20",1,0,0,0,0,1,0,0,0,1,10000,"10000.000000",10000,0,1,1,True,"ISOLATED_BAD_ROWS"
"NRSL","Nimir Resins Limited",2473,1,"0.040437","2023-09-18","2023-09-18",1,1,1,0,0,1,0,0,0,1,500,"500.000000",500,0,1,1,True,"ISOLATED_BAD_ROWS"
"HINOON","Highnoon Laboratories Limited",2472,1,"0.040453","2019-06-25","2019-06-25",1,0,0,0,0,1,0,0,1,1,100,"100.000000",100,0,1,1,True,"ISOLATED_BAD_ROWS"
"CLOV","Clover Pakistan Limited",2470,1,"0.040486","2019-07-01","2019-07-01",1,0,0,0,0,1,0,0,0,1,1000,"1000.000000",1000,0,1,1,True,"ISOLATED_BAD_ROWS"
"THCCL","Thatta Cement Company Limited",2469,1,"0.040502","2019-09-02","2019-09-02",1,0,0,0,0,1,0,0,0,1,1500,"1500.000000",1500,0,1,1,True,"ISOLATED_BAD_ROWS"
"AGTL","Al-Ghazi Tractors Limited",2453,1,"0.040766","2020-11-17","2020-11-17",1,0,0,0,0,1,0,0,0,1,300,"300.000000",300,0,1,1,True,"ISOLATED_BAD_ROWS"
"IBLHL","IBL HealthCare Limited",2450,1,"0.040816","2019-06-25","2019-06-25",1,0,0,0,0,1,0,0,0,1,10500,"10500.000000",10500,0,1,1,True,"ISOLATED_BAD_ROWS"
"FLYNG","Flying Cement Company Limited",2427,1,"0.041203","2019-03-11","2019-03-11",1,0,0,0,0,1,0,0,0,1,500,"500.000000",500,0,1,1,True,"ISOLATED_BAD_ROWS"
"RPL","Roshan Packages Limited",2335,1,"0.042827","2022-11-02","2022-11-02",1,0,0,0,0,1,0,0,0,1,4500,"4500.000000",4500,0,1,1,True,"ISOLATED_BAD_ROWS"
"PREMA","At-Tahur Limited",1981,1,"0.050480","2019-07-10","2019-07-10",1,0,0,0,0,1,0,0,0,1,1000,"1000.000000",1000,0,1,1,True,"ISOLATED_BAD_ROWS"
"GGGL","Ghani Global Glass Limited",2477,2,"0.080743","2018-12-19","2019-09-12",2,0,0,0,0,2,0,0,0,2,1000,"2000.000000",3000,0,2,2,True,"ISOLATED_BAD_ROWS"
"DFSM","Dewan Farooque Spinning Mills Limited",2474,2,"0.080841","2016-07-29","2022-03-11",2,1,1,0,0,2,0,1,0,1,0,"4750.000000",9500,1,2,2,True,"ISOLATED_BAD_ROWS"
"FCSC","First Capital Securities Corporation",2470,2,"0.080972","2019-03-26","2019-07-08",2,0,0,0,0,2,0,0,0,2,500,"500.000000",500,0,2,2,True,"ISOLATED_BAD_ROWS"
"PKGS","Packages Limited",2466,2,"0.081103","2019-10-21","2021-08-20",2,0,0,0,0,2,0,0,1,2,50,"125.000000",200,0,2,2,True,"ISOLATED_BAD_ROWS"
"AICL","Adamjee Insurance Company Limited",2454,2,"0.081500","2018-01-26","2019-07-02",2,0,0,0,0,2,0,0,0,2,1000,"500500.000000",1000000,0,2,2,True,"ISOLATED_BAD_ROWS"
"LPL","Lalpir Power Limited",2452,2,"0.081566","2019-06-13","2019-09-06",2,0,0,0,0,2,0,0,0,2,500,"500.000000",500,0,2,2,True,"ISOLATED_BAD_ROWS"
"SPWL","Saif Power Limited",2452,2,"0.081566","2018-12-24","2019-07-12",2,0,0,0,0,2,0,0,0,2,500,"2750.000000",5000,0,2,2,True,"ISOLATED_BAD_ROWS"
"SAZEW","Sazgar Engineering Works Limited",2443,2,"0.081867","2019-05-20","2019-06-10",2,0,0,0,0,2,0,2,0,0,0,"0.000000",0,2,2,2,True,"ISOLATED_BAD_ROWS"
"THALL","Thal Limited",2443,2,"0.081867","2016-09-23","2023-03-29",2,1,1,0,0,2,0,1,0,1,0,"100.000000",200,1,2,2,True,"ISOLATED_BAD_ROWS"
"OLPL","OLP Financial Services Pakistan Limited",2440,2,"0.081967","2019-03-29","2021-04-08",2,0,0,0,0,2,0,0,0,2,25000,"32500.000000",40000,0,2,2,True,"ISOLATED_BAD_ROWS"
"SRVI","Service Industries Limited",2411,2,"0.082953","2019-03-05","2019-03-06",2,0,0,0,0,2,0,0,2,2,100,"100.000000",100,0,2,2,True,"ISOLATED_BAD_ROWS"
"MFL","Matco Foods Limited",2074,2,"0.096432","2022-03-28","2022-12-23",2,0,0,0,0,2,0,0,0,2,500,"7250.000000",14000,0,2,2,True,"ISOLATED_BAD_ROWS"
"HALEON","Haleon Pakistan Limited",862,1,"0.116009","2023-08-21","2023-08-21",1,1,1,0,0,1,0,0,0,1,500,"500.000000",500,0,1,1,True,"ISOLATED_BAD_ROWS"
"CEPB","Century Paper & Board Mills Limited",2472,3,"0.121359","2018-01-03","2019-02-15",3,0,0,0,0,3,0,0,0,3,500,"1000.000000",3000,0,3,3,True,"ISOLATED_BAD_ROWS"
"PNSC","Pakistan National Shipping Corporation",2470,3,"0.121457","2019-02-22","2019-08-29",3,0,0,0,0,3,0,0,0,3,500,"500.000000",2500,0,3,3,True,"ISOLATED_BAD_ROWS"
"ACPL","Attock Cement Pakistan Limited",2467,3,"0.121605","2016-12-16","2023-04-03",3,1,1,0,0,3,0,1,1,2,0,"100.000000",13000,1,3,3,True,"ISOLATED_BAD_ROWS"
"AHL","Arif Habib Limited",2467,3,"0.121605","2019-02-08","2019-06-18",3,0,0,0,0,3,0,0,0,3,2000,"2500.000000",10000,0,3,3,True,"ISOLATED_BAD_ROWS"
"HMB","Habib Metropolitan Bank Limited",2446,3,"0.122649","2016-08-05","2019-08-01",3,2,2,0,0,3,0,2,0,1,0,"0.000000",237000,2,3,3,True,"ISOLATED_BAD_ROWS"
"AMTEX","Amtex Limited",1433,2,"0.139567","2021-10-25","2021-10-29",2,2,2,0,0,2,0,2,0,0,0,"0.000000",0,2,2,2,True,"ISOLATED_BAD_ROWS"
"CPPL","Cherat Packaging Limited",2457,4,"0.162800","2016-09-28","2024-11-01",4,2,2,0,0,4,0,1,3,3,0,"67.500000",100,1,4,4,True,"ISOLATED_BAD_ROWS"
"LCI","Lucky Core Industries Limited",2451,4,"0.163199","2017-11-03","2022-11-07",4,0,0,0,0,4,0,0,0,4,300,"825.000000",5500,0,4,4,True,"ISOLATED_BAD_ROWS"
"BECO","Beco Steel Limited",1214,2,"0.164745","2022-04-26","2024-04-18",2,1,1,0,0,2,0,0,0,2,500,"500.000000",500,0,2,2,True,"ISOLATED_BAD_ROWS"
"FNEL","First National Equities Limited",2422,4,"0.165153","2017-03-17","2019-05-09",4,0,0,0,0,4,0,0,0,4,5000,"10250.000000",190500,0,4,4,True,"ISOLATED_BAD_ROWS"
"HIRAT","Hira Textile Mills Limited",2420,4,"0.165289","2023-04-05","2023-06-13",4,3,3,0,0,4,0,0,0,4,500,"50000.000000",90000,0,4,4,True,"ISOLATED_BAD_ROWS"
"TSPL","Tri-Star Power Limited",2409,4,"0.166044","2019-05-14","2019-07-08",4,0,0,0,0,4,0,0,0,4,500,"14000.000000",72500,0,4,4,True,"ISOLATED_BAD_ROWS"
"JSBL","JS Bank Limited",2405,4,"0.166320","2017-03-17","2019-07-17",4,0,0,0,0,4,0,0,0,4,9500,"450000.000000",5061500,0,4,4,True,"ISOLATED_BAD_ROWS"
"LSEFSL","LSE Financial Services Limited.",538,1,"0.185874","2026-02-11","2026-02-11",1,1,1,0,0,1,0,0,1,1,11,"11.000000",11,0,1,1,True,"ISOLATED_BAD_ROWS"
"ICL","Ittehad Chemicals Limted",2449,5,"0.204165","2017-03-17","2024-09-24",5,3,3,0,0,5,0,0,1,5,10,"40000.000000",1000000,0,5,5,True,"PARTIAL_ZERO_OHLC"
"CTM","Colony Textile Mills Limited",2441,5,"0.204834","2018-03-05","2023-03-14",5,0,0,0,0,5,0,0,0,5,500,"5000.000000",60000,0,5,5,True,"PARTIAL_ZERO_OHLC"
"CHBL","Chenab Limited",894,2,"0.223714","2021-10-25","2021-10-29",2,2,2,0,0,2,0,2,0,0,0,"0.000000",0,2,2,2,True,"ISOLATED_BAD_ROWS"
"UNITY","Unity Foods Limited",2187,5,"0.228624","2017-10-11","2017-10-31",5,0,4,0,0,5,0,5,0,0,0,"0.000000",0,5,5,4,True,"NO_TRADE_STYLE_ROW"
"BWCL","Bestway Cement Limited",2474,6,"0.242522","2016-08-05","2023-01-20",6,2,2,0,0,6,0,2,2,4,0,"100.000000",10000,2,6,6,True,"PARTIAL_ZERO_OHLC"
"SPL","Sitara Peroxide Limited",2459,6,"0.244002","2023-02-22","2024-03-15",6,5,5,0,0,6,0,0,0,6,500,"500.000000",63000,0,6,6,True,"PARTIAL_ZERO_OHLC"
"NPL","Nishat Power Limited",2456,6,"0.244300","2016-08-16","2021-10-25",6,2,2,0,0,6,0,1,0,5,0,"1250.000000",10000,1,6,6,True,"PARTIAL_ZERO_OHLC"
"ABL","Allied Bank Limited",2427,6,"0.247219","2018-05-25","2022-12-12",6,0,0,0,0,6,0,0,0,6,500,"8000.000000",125000,0,6,6,True,"PARTIAL_ZERO_OHLC"
"TPLT","TPL Trakker Limited",1439,4,"0.277971","2021-11-26","2023-05-16",4,1,1,0,0,4,0,0,0,4,4500,"16500.000000",2824500,0,4,4,True,"ISOLATED_BAD_ROWS"
"YOUW","Yousaf Weaving Mills Limited",2484,7,"0.281804","2016-07-27","2016-08-16",7,7,7,0,0,7,0,7,0,0,0,"0.000000",0,7,7,7,True,"NO_TRADE_STYLE_ROW"
"CRTM","The Crescent Textile Mills Limited",2439,7,"0.287003","2018-05-28","2023-02-21",7,0,0,0,0,7,0,4,0,3,0,"0.000000",3500,4,7,6,True,"PARTIAL_ZERO_OHLC"
"BIFO","Biafo Industries Limited",2420,7,"0.289256","2017-04-04","2022-06-14",7,0,0,0,0,7,0,0,0,7,300,"500.000000",11000,0,7,7,True,"PARTIAL_ZERO_OHLC"
"NATF","National Foods Limited",2408,7,"0.290698","2018-03-27","2019-12-23",7,0,0,0,0,7,0,0,2,7,100,"500.000000",2500,0,7,7,True,"PARTIAL_ZERO_OHLC"
"WASL","Wasl Mobility Modaraba",2364,7,"0.296108","2016-07-29","2022-11-21",7,3,3,0,0,7,0,3,0,4,0,"500.000000",10000,3,7,7,True,"PARTIAL_ZERO_OHLC"
"PAKOXY","Pakistan Oxygen Limited",1967,6,"0.305033","2018-07-03","2019-09-04",6,0,1,0,0,6,0,1,0,5,0,"2400.000000",8000,1,6,6,True,"PARTIAL_ZERO_OHLC"
"MERIT","Merit Packaging Limited",2447,8,"0.326931","2019-02-26","2024-02-06",8,1,2,0,0,8,0,3,0,5,0,"13500.000000",255000,3,8,8,True,"PARTIAL_ZERO_OHLC"
"OBOY","Oilboy Energy Limited",2126,7,"0.329257","2018-07-12","2024-10-22",7,3,3,0,0,7,0,2,1,5,0,"500.000000",22500,2,7,7,True,"PARTIAL_ZERO_OHLC"
"ABOT","Abbott Laboratories (Pakistan) Limited",2423,8,"0.330169","2016-08-12","2024-02-09",8,4,4,0,0,8,0,3,2,5,0,"75.000000",4400,3,8,8,True,"PARTIAL_ZERO_OHLC"
"BIPL","BankIslami Pakistan Limited",2414,8,"0.331400","2016-09-05","2019-09-05",8,4,4,0,0,8,0,4,0,4,0,"250.000000",5000,4,8,8,True,"PARTIAL_ZERO_OHLC"
"SEPL","Security Papers Limited",2369,8,"0.337695","2018-05-04","2023-07-18",8,3,3,0,0,8,0,0,0,8,200,"500.000000",6000,0,8,8,True,"PARTIAL_ZERO_OHLC"
"ICCI","ICC Industries Limited",542,2,"0.369004","2021-10-25","2021-10-29",2,2,2,0,0,2,0,2,0,0,0,"0.000000",0,2,2,1,True,"ISOLATED_BAD_ROWS"
"PAKRI","Pakistan Reinsurance Company Limited",2407,9,"0.373909","2018-12-13","2021-12-27",9,0,0,0,0,9,0,1,0,8,0,"10000.000000",25000,1,9,8,True,"PARTIAL_ZERO_OHLC"
"UDLI","UDL International Limited",512,2,"0.390625","2024-09-18","2025-03-18",2,2,2,0,0,2,0,0,1,2,10,"505.000000",1000,0,2,2,True,"ISOLATED_BAD_ROWS"
"ATBA","Atlas Battery Limited",2419,10,"0.413394","2016-10-31","2019-01-01",10,3,3,0,0,10,0,2,5,8,0,"100.000000",1400,2,10,10,True,"PARTIAL_ZERO_OHLC"
"EXIDE","Exide Pakistan Limited",2401,10,"0.416493","2016-10-19","2023-04-05",10,1,1,0,0,10,0,2,4,8,0,"100.000000",500,2,10,10,True,"PARTIAL_ZERO_OHLC"
"ARPL","Archroma Pakistan Limited",2389,10,"0.418585","2018-02-23","2023-09-20",10,3,3,0,0,10,0,0,4,10,50,"750.000000",8000,0,10,10,True,"PARTIAL_ZERO_OHLC"
"SPEL","SPEL Limited",2389,10,"0.418585","2016-11-15","2023-12-29",10,2,2,0,0,10,0,1,0,9,0,"500.000000",10000,1,10,10,True,"PARTIAL_ZERO_OHLC"
"TPLP","TPL Properties Limited",2000,9,"0.450000","2018-01-16","2019-11-20",9,0,0,0,0,9,0,0,0,9,500,"2000.000000",800000,0,9,9,True,"PARTIAL_ZERO_OHLC"
"PKGP","Pakgen Power Limited",2393,11,"0.459674","2016-08-24","2024-03-11",11,5,5,0,0,11,0,4,0,7,0,"500.000000",105000,4,11,11,True,"PARTIAL_ZERO_OHLC"
"ECOP","Ecopack Limited",2348,11,"0.468484","2017-11-24","2023-06-19",11,2,2,0,0,11,0,0,0,11,500,"1000.000000",10000,0,11,11,True,"PARTIAL_ZERO_OHLC"
"786","786 Investments Limited",1703,8,"0.469759","2018-09-03","2024-02-28",8,3,3,0,0,8,0,2,0,6,0,"1250.000000",5000,2,8,8,True,"PARTIAL_ZERO_OHLC"
"AHCL","Arif Habib Corporation Limited",2326,11,"0.472915","2018-05-24","2023-09-14",11,2,2,0,0,11,0,1,0,10,0,"1000.000000",10000,1,11,11,True,"PARTIAL_ZERO_OHLC"
"CLVL","Cordoba Logistics & Ventures Limited",1169,6,"0.513259","2021-09-27","2023-05-15",6,2,2,0,0,6,0,1,0,5,0,"1250.000000",4000,1,6,6,True,"PARTIAL_ZERO_OHLC"
"GWLC","Gharibwal Cement Limited",2459,13,"0.528670","2016-08-23","2022-09-29",13,6,6,0,0,13,0,6,0,7,0,"500.000000",20500,6,13,13,True,"PARTIAL_ZERO_OHLC"
"BNL","Bunnys Limited",1420,8,"0.563380","2020-09-08","2023-07-07",8,2,2,0,0,8,0,4,0,4,0,"250.000000",155000,4,8,7,True,"PARTIAL_ZERO_OHLC"
"MACFL","MACPAC Films Limited",2293,13,"0.566943","2017-03-17","2023-05-18",13,1,1,0,0,13,0,2,0,11,0,"3500.000000",1000000,2,13,13,True,"PARTIAL_ZERO_OHLC"
"FECTC","Fecto Cement Limited",2274,13,"0.571680","2017-06-29","2023-08-18",13,1,1,0,0,13,0,1,0,12,0,"1000.000000",25000,1,13,13,True,"PARTIAL_ZERO_OHLC"
"BRRG","B.R.R Guardian Limited",693,4,"0.577201","2023-11-27","2024-10-18",4,4,4,0,0,4,0,1,0,3,0,"101600.000000",505218,1,4,4,True,"ISOLATED_BAD_ROWS"
"TCORP","Tariq Corporation Limited",2187,13,"0.594422","2017-03-17","2024-10-01",13,4,4,0,0,13,0,2,1,11,0,"500.000000",53500,2,13,13,True,"PARTIAL_ZERO_OHLC"
"AGSML","Abdullah Shah Ghazi Sugar Mills Limited",1972,12,"0.608519","2016-07-29","2024-02-29",12,5,5,0,0,12,0,4,0,8,0,"500.000000",35000,4,12,12,True,"PARTIAL_ZERO_OHLC"
"DWSM","Dewan Sugar Mills Limited",2268,14,"0.617284","2016-08-01","2023-05-03",14,2,2,0,0,14,0,2,0,12,0,"750.000000",200000,2,14,14,True,"PARTIAL_ZERO_OHLC"
"KOIL","Kohinoor Industries Limited",2375,15,"0.631579","2017-10-27","2024-10-11",15,5,5,0,0,15,0,0,1,15,1,"500.000000",3500,0,15,15,True,"PARTIAL_ZERO_OHLC"
"UCAPM","Unicap Modaraba",1869,12,"0.642055","2017-10-31","2022-06-24",12,1,1,0,0,12,0,1,0,11,0,"1000.000000",20000,1,12,12,True,"PARTIAL_ZERO_OHLC"
"GVGL","Ghani Value Glass Limited",2328,15,"0.644330","2016-08-02","2023-05-10",15,6,6,0,0,15,0,6,0,9,0,"500.000000",42000,6,15,15,True,"PARTIAL_ZERO_OHLC"
"UNIC","The United Insurance Company",2309,15,"0.649632","2018-01-09","2023-02-20",15,0,0,0,0,15,0,1,0,14,0,"500.000000",5000,1,15,15,True,"PARTIAL_ZERO_OHLC"
"PIL","PICIC Insurance Limited",2439,16,"0.656007","2016-07-26","2023-10-12",16,13,13,0,0,16,0,12,0,4,0,"0.000000",134000,12,16,13,True,"PARTIAL_ZERO_OHLC"
"KOHE","Kohinoor Energy Limited",2264,15,"0.662544","2016-09-07","2020-07-10",15,3,4,0,0,15,0,6,0,9,0,"500.000000",4000,6,15,15,True,"PARTIAL_ZERO_OHLC"
"QTECH","Quantum Data Technologies Limited",2400,16,"0.666667","2016-07-26","2023-10-26",16,12,12,0,0,16,0,8,0,8,0,"250.000000",43500,8,16,16,True,"PARTIAL_ZERO_OHLC"
"BCL","Bolan Castings Limited",2362,16,"0.677392","2016-08-10","2021-10-25",16,7,7,0,0,16,0,7,1,9,0,"200.000000",31000,7,16,15,True,"PARTIAL_ZERO_OHLC"
"TRIPF","Tri-Pack Films Limited",2345,16,"0.682303","2017-07-21","2025-03-04",16,4,5,0,0,16,0,3,1,13,0,"500.000000",100000,3,16,16,True,"PARTIAL_ZERO_OHLC"
"NCML","Nazir Cotton Mills Limited",2047,14,"0.683928","2019-05-14","2024-03-21",14,7,7,0,0,14,0,0,0,14,500,"2500.000000",28000,0,14,14,True,"PARTIAL_ZERO_OHLC"
"DYNO","Dynea Pakistan Limited",2298,16,"0.696258","2016-07-27","2023-05-08",16,6,7,0,0,16,0,7,2,9,0,"100.000000",14500,7,16,16,True,"PARTIAL_ZERO_OHLC"
"SKRS","Sakrand Sugar Mills Limited",2436,17,"0.697865","2016-07-28","2023-01-17",17,9,9,0,0,17,0,10,0,7,0,"0.000000",4500,10,17,14,True,"PARTIAL_ZERO_OHLC"
"PCAL","Pakistan Cables Limited",2289,16,"0.698995","2016-11-11","2024-09-25",16,2,3,1,0,15,1,7,0,9,0,"200.000000",5000,6,15,16,True,"ZERO_CLOSE"
"IGIHL","IGI Holdings Limited",2256,16,"0.709220","2018-08-24","2023-09-12",16,3,3,0,0,16,0,2,0,14,0,"1100.000000",24000,2,16,16,True,"PARTIAL_ZERO_OHLC"
"SNBL","Soneri Bank Limited",2361,17,"0.720034","2016-07-29","2022-12-15",17,3,3,0,0,17,0,3,0,14,0,"3000.000000",1100000,3,17,17,True,"PARTIAL_ZERO_OHLC"
"MUREB","Murree Brewery Company Limited",2217,16,"0.721696","2016-07-29","2023-08-29",16,3,3,0,0,16,0,2,2,14,0,"800.000000",53000,2,16,16,True,"PARTIAL_ZERO_OHLC"
"HINO","Hinopak Motors Limited",2210,17,"0.769231","2016-12-09","2023-06-02",17,5,5,0,0,17,0,3,6,14,0,"100.000000",2000,3,17,17,True,"PARTIAL_ZERO_OHLC"
"BNWM","Bannu Woollen Mills Limited",2051,16,"0.780107","2017-08-11","2024-07-03",15,9,10,0,0,16,0,3,0,13,0,"1500.000000",40500,3,16,16,True,"PARTIAL_ZERO_OHLC"
"HIFA","HBL Investment Fund",2051,16,"0.780107","2017-01-18","2023-05-15",16,1,1,0,0,16,0,0,0,16,500,"1250.000000",55000,0,16,16,True,"PARTIAL_ZERO_OHLC"
"AGIC","Askari General Insurance Company Limited",2098,17,"0.810296","2016-12-13","2024-03-12",17,3,3,0,0,17,0,1,0,16,0,"2000.000000",130000,1,17,17,True,"PARTIAL_ZERO_OHLC"
"KOHP","Kohinoor Power Company Limited",2175,18,"0.827586","2018-07-18","2023-10-04",18,3,3,0,0,18,0,0,0,18,500,"1000.000000",75000,0,18,18,True,"PARTIAL_ZERO_OHLC"
"HABSM","Habib Sugar Mills Limited",2274,19,"0.835532","2016-08-24","2023-09-18",19,5,5,0,0,19,0,4,0,15,0,"2000.000000",61500,4,19,19,True,"PARTIAL_ZERO_OHLC"
"FHAM","First Habib Modaraba",2247,19,"0.845572","2017-09-22","2023-05-11",19,0,0,0,0,19,0,0,0,19,500,"5000.000000",123000,0,19,19,True,"PARTIAL_ZERO_OHLC"
"HWQS","Haseeb Waqas Sugar Mills Limited",1658,15,"0.904704","2016-07-27","2024-09-23",15,11,11,0,0,15,0,9,1,6,0,"0.000000",25000,9,15,14,True,"PARTIAL_ZERO_OHLC"
"REDCO","Redco Textiles Limited",2022,19,"0.939664","2017-09-27","2026-02-24",19,9,9,0,0,19,0,2,5,17,0,"500.000000",5000,2,19,19,True,"PARTIAL_ZERO_OHLC"
"BERG","Berger Paints Pakistan Limited",2288,22,"0.961538","2017-11-10","2022-06-27",22,0,0,0,0,22,0,3,3,19,0,"550.000000",427500,3,22,22,True,"PARTIAL_ZERO_OHLC"
"SHFA","Shifa International Hospitals Limited",2257,22,"0.974745","2016-08-12","2024-01-18",22,9,10,0,0,22,0,12,6,10,0,"0.000000",160000,12,22,22,True,"PARTIAL_ZERO_OHLC"
"HGFA","HBL Growth Fund",1731,17,"0.982091","2018-09-24","2023-06-16",17,2,3,0,0,17,0,2,0,15,0,"2000.000000",1000000,2,17,17,True,"PARTIAL_ZERO_OHLC"
"RICL","Reliance Insurance Company Limited",1861,19,"1.020956","2017-06-19","2024-09-13",19,8,8,0,0,19,0,4,0,15,0,"2000.000000",187000,4,19,19,True,"PARTIAL_ZERO_OHLC"
"MFFL","Mitchells Fruit Farms Limited",2118,22,"1.038716","2017-08-04","2022-02-07",22,1,1,0,0,22,0,8,6,14,0,"100.000000",1700,8,22,22,True,"PARTIAL_ZERO_OHLC"
"CJPL","Crescent Jute Products Limited",824,9,"1.092233","2016-07-26","2021-10-29",9,6,6,0,0,9,0,6,0,3,0,"0.000000",11000,6,9,8,True,"PARTIAL_ZERO_OHLC"
"KTML","Kohinoor Textile Mills Limited",2369,26,"1.097509","2016-08-31","2024-09-23",26,5,8,0,0,26,0,6,0,20,0,"13750.000000",2124000,6,26,26,True,"PARTIAL_ZERO_OHLC"
"SMCPL","Safe Mix Concrete Limited",2162,24,"1.110083","2018-11-23","2024-02-29",24,9,9,0,0,24,0,3,0,21,0,"500.000000",600000,3,24,24,True,"PARTIAL_ZERO_OHLC"
"SSML","Saritow Spinning Mills Limited",1993,23,"1.154039","2017-03-31","2026-05-05",23,8,10,0,0,23,0,3,1,20,0,"500.000000",37000,3,23,23,True,"PARTIAL_ZERO_OHLC"
"WAVESAPP","Waves Home Appliances Limited",2177,26,"1.194304","2016-07-26","2022-04-22",26,12,12,0,0,26,0,12,0,14,0,"500.000000",25000,12,26,26,True,"PARTIAL_ZERO_OHLC"
"OLPM","OLP Modaraba",2128,26,"1.221805","2016-12-27","2024-07-30",26,9,9,0,0,26,0,3,0,23,0,"1000.000000",89500,3,26,26,True,"PARTIAL_ZERO_OHLC"
"AGIL","Agriauto Industries Limited",2180,27,"1.238532","2017-07-24","2024-02-28",27,6,8,0,0,27,0,5,2,22,0,"1000.000000",50000,5,27,27,True,"PARTIAL_ZERO_OHLC"
"PICT","Pakistan International Container",2312,29,"1.254325","2016-07-27","2019-07-31",29,16,16,0,0,29,0,17,4,12,0,"0.000000",1300,17,29,28,True,"PARTIAL_ZERO_OHLC"
"ALIFE","Adamjee Life Assurance Company Limited",956,12,"1.255230","2023-01-13","2025-10-13",12,12,12,0,0,12,0,6,1,6,0,"0.500000",4000,6,12,12,True,"PARTIAL_ZERO_OHLC"
"GADT","Gadoon Textile Mills Limited",2123,28,"1.318888","2018-07-02","2024-10-09",28,8,8,0,0,28,0,0,5,28,12,"1000.000000",118000,0,28,28,True,"PARTIAL_ZERO_OHLC"
"STYLERS","Stylers International Limited",599,8,"1.335559","2024-05-17","2025-11-05",8,8,8,0,0,8,0,0,3,8,2,"350.000000",200000,0,8,8,True,"PARTIAL_ZERO_OHLC"
"AKDHL","AKD Hospitality Limited",1078,15,"1.391466","2021-08-13","2025-09-19",15,10,10,0,0,15,0,1,9,14,0,"100.000000",10000,1,15,15,True,"PARTIAL_ZERO_OHLC"
"ALAC","Askari Life Assurance Company Limited",1508,21,"1.392573","2018-09-07","2024-09-12",21,6,8,0,0,21,0,8,0,13,0,"1000.000000",64000,8,21,21,True,"PARTIAL_ZERO_OHLC"
"SCBPL","Standard Chartered Bank (Pak) Ltd",2216,31,"1.398917","2016-08-22","2022-02-09",31,5,5,0,0,31,0,6,0,25,0,"2500.000000",200000,6,31,31,True,"PARTIAL_ZERO_OHLC"
"ATLH","Atlas Honda Limited",2178,32,"1.469238","2017-11-27","2024-03-12",32,2,2,0,0,32,0,1,5,31,0,"1000.000000",53900,1,32,32,True,"PARTIAL_ZERO_OHLC"
"DEL","Dawood Equities Limited",2095,31,"1.479714","2016-08-05","2023-04-05",31,5,6,0,0,31,0,6,0,25,0,"500.000000",310000,6,31,31,True,"PARTIAL_ZERO_OHLC"
"SHNI","Shaheen Insurance Company Limited",2020,30,"1.485149","2016-07-26","2024-10-18",30,13,13,0,0,30,0,8,2,22,0,"500.000000",5000,8,30,30,True,"PARTIAL_ZERO_OHLC"
"BPL","Burshane LPG (Pakistan) Limited",1956,30,"1.533742","2016-08-23","2026-02-18",30,12,12,0,0,30,0,3,2,27,0,"500.000000",20000,3,30,30,True,"PARTIAL_ZERO_OHLC"
"SITC","Sitara Chemical Industries Limited",2128,33,"1.550752","2016-07-29","2024-09-09",33,21,22,0,0,33,0,16,6,17,0,"1.000000",904300,16,33,32,True,"PARTIAL_ZERO_OHLC"
"KHTC","Khyber Tobacco Company Limited",2299,36,"1.565898","2016-07-26","2023-08-25",36,20,23,0,0,36,0,22,7,14,0,"0.000000",20000,22,36,33,True,"PARTIAL_ZERO_OHLC"
"BOK","The Bank of Khyber",2205,35,"1.587302","2016-11-04","2024-01-09",35,10,10,0,0,35,0,2,0,33,0,"1000.000000",20000,2,35,35,True,"PARTIAL_ZERO_OHLC"
"JVDC","Javedan Corporation Limited",2130,35,"1.643192","2016-08-08","2024-02-23",35,9,9,0,0,35,0,2,0,33,0,"1000.000000",600000,2,35,34,True,"PARTIAL_ZERO_OHLC"
"ADAMS","Adam Sugar Mills Limited",2090,35,"1.674641","2016-10-26","2024-09-24",35,5,6,0,0,35,0,9,0,26,0,"1000.000000",278500,9,35,35,True,"PARTIAL_ZERO_OHLC"
"WAHN","Wah Noble Chemicals Limited",1906,32,"1.678909","2016-09-05","2024-02-28",32,12,12,0,0,32,0,9,6,23,0,"200.000000",7700,9,32,30,True,"PARTIAL_ZERO_OHLC"
"KSBP","KSB Pumps Company Limited",2097,36,"1.716738","2016-11-18","2023-08-31",36,8,11,0,0,36,0,7,8,29,0,"450.000000",8800,7,36,35,True,"PARTIAL_ZERO_OHLC"
"HICL","Habib Insurance Company Limited",1792,33,"1.841518","2016-08-03","2024-09-20",33,9,9,0,0,33,0,9,0,24,0,"500.000000",200000,9,33,33,True,"PARTIAL_ZERO_OHLC"
"FML","Feroze1888 Mills Limited",2167,40,"1.845870","2016-09-07","2024-09-24",40,27,28,0,0,40,0,26,2,14,0,"0.000000",150000,26,40,39,True,"PARTIAL_ZERO_OHLC"
"GAMON","Gammon Pakistan Limited",1926,37,"1.921080","2016-12-23","2024-05-31",37,6,6,0,0,37,0,2,0,35,0,"500.000000",87000,2,37,37,True,"PARTIAL_ZERO_OHLC"
"SAIF","Saif Textile Mills Limited",2173,43,"1.978831","2016-07-26","2025-03-26",43,33,33,0,0,43,0,30,1,13,0,"0.000000",728000,30,43,41,True,"PARTIAL_ZERO_OHLC"
"SIEM","Siemens (Pakistan) Engineering",2169,46,"2.120793","2016-08-02","2026-06-02",46,23,23,0,0,46,0,19,14,27,0,"50.000000",10000,19,46,42,True,"PARTIAL_ZERO_OHLC"
"NICL","Nimir Industrial Chemicals Limited",2070,44,"2.125604","2016-09-08","2026-05-14",44,8,10,0,0,44,0,9,1,35,0,"1000.000000",170000,9,44,44,True,"PARTIAL_ZERO_OHLC"
"HRPL","Habib Rice Product Limited.",1127,24,"2.129547","2020-05-06","2025-06-11",24,14,14,0,0,24,0,7,7,17,0,"75.000000",6500,7,24,24,True,"PARTIAL_ZERO_OHLC"
"IML","Imperial Limited",1029,22,"2.137998","2021-07-19","2026-05-18",22,10,10,0,0,22,0,7,1,15,0,"1000.000000",175000,7,22,22,True,"PARTIAL_ZERO_OHLC"
"HAEL","Hala Enterprises Limited",1730,38,"2.196532","2016-07-27","2025-02-10",38,22,22,0,0,38,0,18,1,20,0,"250.500000",11000,18,38,37,True,"PARTIAL_ZERO_OHLC"
"EFUL","EFU Life Assurance Limited",1903,43,"2.259590","2016-07-28","2024-06-06",43,19,20,0,0,43,0,15,3,28,0,"500.000000",20000,15,43,40,True,"PARTIAL_ZERO_OHLC"
"JUBS","Jubilee Spinning & Weaving Mills Ltd.",1866,43,"2.304394","2016-07-26","2026-02-19",43,27,27,0,0,43,0,22,3,21,0,"0.000000",49000,22,43,32,True,"PARTIAL_ZERO_OHLC"
"TSMF","Tri-Star Mutual Fund Limited",1581,37,"2.340291","2016-07-28","2026-03-09",37,23,23,0,0,37,0,18,2,19,0,"1.000000",16000,18,37,35,True,"PARTIAL_ZERO_OHLC"
"NEXT","Next Capital Limited",2203,52,"2.360418","2016-07-27","2024-06-25",52,30,31,0,0,52,0,23,0,29,0,"500.000000",425000,23,52,44,True,"PARTIAL_ZERO_OHLC"
"ZTL","Zephyr Textiles Limited",1608,38,"2.363184","2017-02-23","2025-12-17",38,15,15,0,0,38,0,8,2,30,0,"500.000000",195000,8,38,37,True,"PARTIAL_ZERO_OHLC"
"ATIL","Atlas Insurance Limited",1977,47,"2.377339","2016-08-02","2024-09-24",47,26,27,0,0,47,0,21,0,26,0,"500.000000",55000,21,47,42,True,"PARTIAL_ZERO_OHLC"
"ARMG","ARM Green Industries Limited",84,2,"2.380952","2026-04-23","2026-07-24",2,2,2,0,0,2,0,0,2,2,1,"1.000000",1,0,2,2,True,"ISOLATED_BAD_ROWS"
"ESBL","Escorts Investment Bank Limited",2414,58,"2.402651","2016-07-26","2024-07-15",58,49,49,0,0,58,0,48,1,10,0,"0.000000",70000,48,58,30,True,"PARTIAL_ZERO_OHLC"
"CHAS","Chashma Sugar Mills Limited",1899,46,"2.422328","2016-08-19","2025-11-07",46,16,16,0,0,46,0,9,2,37,0,"1000.000000",35500,9,46,42,True,"PARTIAL_ZERO_OHLC"
"KML","Kohinoor Mills Limited",1725,43,"2.492754","2016-08-10","2025-04-11",43,17,17,0,0,43,0,9,2,34,0,"500.000000",164000,9,43,43,True,"PARTIAL_ZERO_OHLC"
"IMS","Intermarket Securities Limited",1701,43,"2.527925","2017-06-19","2024-09-12",43,9,13,0,0,43,0,17,0,26,0,"500.000000",68500,17,43,40,True,"PARTIAL_ZERO_OHLC"
"HPL","Hoechst Pakistan Limited",2036,52,"2.554028","2016-07-29","2024-11-15",52,23,23,0,0,52,0,19,14,33,0,"75.000000",5000,19,52,49,True,"PARTIAL_ZERO_OHLC"
"GFIL","Ghazi Fabrics International Limited",2005,52,"2.593516","2016-07-26","2023-06-21",52,24,24,0,0,52,0,21,0,31,0,"500.000000",16500,21,52,49,True,"PARTIAL_ZERO_OHLC"
"DAAG","Data Agro Limited",1846,48,"2.600217","2016-07-27","2024-03-08",48,28,31,1,0,47,1,24,0,24,0,"250.000000",52500,23,47,48,True,"ZERO_CLOSE"
"FPJM","First Punjab Modaraba",1881,49,"2.604997","2016-07-26","2023-11-03",49,23,27,0,0,49,0,22,0,27,0,"500.000000",323000,22,49,48,True,"PARTIAL_ZERO_OHLC"
"PAKT","Pakistan Tobacco Company Limited",1863,49,"2.630166","2016-08-02","2023-11-30",49,26,33,0,0,49,0,33,9,16,0,"0.000000",3120,33,49,49,True,"PARTIAL_ZERO_OHLC"
"LEUL","Leather Up Limited",2053,54,"2.630297","2016-07-27","2024-09-25",54,22,22,0,0,54,0,20,0,34,0,"500.000000",175000,20,54,52,True,"PARTIAL_ZERO_OHLC"
"RUBY","Ruby Textile Mills Limited",1814,49,"2.701213","2016-07-29","2026-03-13",49,17,17,0,0,49,0,7,2,42,0,"500.000000",5000,7,49,49,True,"PARTIAL_ZERO_OHLC"
"SBL","Samba Bank Limited",1838,50,"2.720348","2016-07-27","2025-02-17",50,27,29,0,0,50,0,26,0,24,0,"0.000000",82000,26,50,48,True,"PARTIAL_ZERO_OHLC"
"ALTN","Altern Energy Limited",2009,55,"2.737680","2016-08-05","2023-06-19",55,21,25,0,0,55,0,25,0,30,0,"500.000000",311000,25,55,52,True,"PARTIAL_ZERO_OHLC"
"BAPL","Bawany Air Products Limited",1997,55,"2.754131","2016-07-29","2025-03-18",55,24,24,0,0,55,0,26,0,29,0,"500.000000",49000,26,55,48,True,"PARTIAL_ZERO_OHLC"
"FECM","First Elite Capital Modaraba",2231,62,"2.779023","2016-07-27","2025-02-07",62,35,35,0,0,62,0,29,1,33,0,"335.000000",86000,29,62,49,True,"PARTIAL_ZERO_OHLC"
"SSOM","S.S.Oil Mills Limited",1806,51,"2.823920","2016-07-29","2024-09-16",51,22,25,0,0,51,0,24,0,27,0,"500.000000",20000,24,51,49,True,"PARTIAL_ZERO_OHLC"
"JLICL","Jubilee Life Insurance Company Limited",2095,60,"2.863962","2016-08-03","2025-10-28",60,28,30,0,0,60,0,26,12,34,0,"50.000000",9400,26,60,59,True,"PARTIAL_ZERO_OHLC"
"FRSM","Faran Sugar Mills Limited",1843,53,"2.875746","2016-08-15","2026-05-21",53,23,25,0,0,53,0,5,1,48,0,"2000.000000",239000,5,53,51,True,"PARTIAL_ZERO_OHLC"
"ASTM","Asim Textile Mills Limited",2024,59,"2.915020","2016-07-26","2024-01-30",59,34,36,0,0,59,0,37,0,22,0,"0.000000",50000,37,59,45,True,"PARTIAL_ZERO_OHLC"
"CENI","Century Insurance Company Limited",1561,46,"2.946829","2016-07-27","2025-08-05",46,24,24,0,0,46,0,19,2,27,0,"500.000000",700000,19,46,45,True,"PARTIAL_ZERO_OHLC"
"JSIL","JS Investments Limited",1659,49,"2.953586","2016-08-22","2024-09-26",49,19,19,0,0,49,0,10,0,39,0,"2000.000000",800000,10,49,47,True,"PARTIAL_ZERO_OHLC"
"PPVC","Pakistan PVC Limited",1675,50,"2.985075","2016-07-26","2026-02-19",50,27,27,0,0,50,0,17,5,33,0,"500.000000",160500,17,50,46,True,"PARTIAL_ZERO_OHLC"
"ADMM","Artistic Denim Mills Limited",1973,59,"2.990370","2016-08-08","2023-09-15",59,17,25,0,0,59,0,28,0,31,0,"500.000000",37000,28,59,52,True,"PARTIAL_ZERO_OHLC"
"JSML","Jauharabad Sugar Mills Limited",2060,62,"3.009709","2016-08-24","2024-09-16",62,32,40,0,0,62,0,36,1,26,0,"0.000000",50000,36,62,58,True,"PARTIAL_ZERO_OHLC"
"EFUG","EFU General Insurance Limited",1981,60,"3.028773","2016-10-19","2024-06-24",60,21,23,0,0,60,0,11,5,49,0,"750.000000",947000,11,60,59,True,"PARTIAL_ZERO_OHLC"
"OTSU","Otsuka Pakistan Limited",1777,55,"3.095104","2016-08-09","2023-10-24",55,22,23,0,0,55,0,31,7,24,0,"0.000000",56200,31,55,50,True,"PARTIAL_ZERO_OHLC"
"AKDSL","AKD Securities Limited",1638,51,"3.113553","2017-04-25","2024-02-26",51,16,17,0,0,51,0,14,0,37,0,"500.000000",775000,14,51,50,True,"PARTIAL_ZERO_OHLC"
"SHEZ","Shezan International Limited",2003,64,"3.195207","2016-07-27","2023-09-08",64,25,32,0,0,64,0,47,6,17,0,"0.000000",46000,47,64,52,True,"PARTIAL_ZERO_OHLC"
"ANSM","Ansari Sugar Mills Limited",1038,34,"3.275530","2016-08-11","2024-09-26",34,32,32,0,0,34,0,32,0,2,0,"0.000000",2500,32,34,14,True,"PARTIAL_ZERO_OHLC"
"SHSML","Shahmurad Sugar Mills Limited",2090,69,"3.301435","2016-07-28","2026-03-06",69,31,38,0,0,69,0,35,5,34,0,"0.000000",60000,35,69,65,True,"PARTIAL_ZERO_OHLC"
"PKGI","The Pakistan General Insurance Co. Ltd.",2016,68,"3.373016","2016-07-27","2024-01-29",68,50,50,0,0,68,0,49,0,19,0,"0.000000",164000,49,68,55,True,"PARTIAL_ZERO_OHLC"
"ZIL","ZIL Limited",1845,63,"3.414634","2016-07-28","2024-09-26",63,31,32,0,0,63,0,28,3,35,0,"200.000000",244000,28,63,59,True,"PARTIAL_ZERO_OHLC"
"JDWS","JDW Sugar Mills Limited",1619,56,"3.458925","2016-08-09","2024-04-18",56,37,37,0,0,56,0,36,8,20,0,"0.000000",25000,36,56,53,True,"PARTIAL_ZERO_OHLC"
"SML","Shakarganj Limited",1757,61,"3.471827","2018-09-28","2025-10-06",61,27,28,0,0,61,0,35,4,26,0,"0.000000",500000,35,61,56,True,"PARTIAL_ZERO_OHLC"
"ANTM","AN Textile Mills Limited",685,24,"3.503650","2020-02-17","2026-04-22",24,10,10,0,0,24,0,16,2,8,0,"0.000000",2500,16,24,18,True,"PARTIAL_ZERO_OHLC"
"MRNS","Mehran Sugar Mills Limited",2097,75,"3.576538","2016-07-26","2023-09-08",75,32,37,0,0,75,0,36,3,39,0,"100.000000",36000,36,75,61,True,"PARTIAL_ZERO_OHLC"
"FEM","First Equity Modaraba",1704,62,"3.638498","2016-07-29","2025-05-05",62,44,44,0,0,62,0,35,1,27,0,"0.000000",150000,35,62,57,True,"PARTIAL_ZERO_OHLC"
"JDMT","Janana De Malucho Textile Mills Limited",1558,57,"3.658537","2017-01-10","2025-04-29",57,14,24,0,0,57,0,28,0,29,0,"500.000000",40000,28,57,56,True,"PARTIAL_ZERO_OHLC"
"NONS","Noon Sugar Mills Limited",1560,58,"3.717949","2016-10-19","2024-10-08",58,33,36,0,0,58,0,41,2,17,0,"0.000000",25000,41,58,47,True,"PARTIAL_ZERO_OHLC"
"EMCO","Emco Industries Limited",1851,70,"3.781740","2016-08-02","2025-02-14",70,37,44,0,0,70,0,28,2,42,0,"500.000000",1000000,28,70,68,True,"PARTIAL_ZERO_OHLC"
"PAKD","Pak Datacom Limited",2058,80,"3.887269","2016-07-26","2024-03-05",80,52,53,0,0,80,0,52,0,28,0,"0.000000",65000,52,80,61,True,"PARTIAL_ZERO_OHLC"
"MCBIM","MCB Investment Management Limited.",1885,76,"4.031830","2016-07-29","2024-01-30",76,45,48,0,0,76,0,44,0,32,0,"0.000000",495000,44,76,60,True,"PARTIAL_ZERO_OHLC"
"GRYL","Grays Leasing Limited",1578,64,"4.055767","2016-07-26","2025-05-29",64,40,40,0,0,64,0,44,1,20,0,"0.000000",38000,44,64,56,True,"PARTIAL_ZERO_OHLC"
"RUPL","Rupali Polyester Limited",1787,73,"4.085059","2016-07-26","2026-06-01",73,31,35,0,0,73,0,45,4,28,0,"0.000000",53000,45,73,60,True,"PARTIAL_ZERO_OHLC"
"IGIL","IGI Life Insurance Limited",1803,74,"4.104271","2016-09-23","2024-11-12",74,14,19,0,0,74,0,18,0,56,0,"1000.000000",22500,18,74,65,True,"PARTIAL_ZERO_OHLC"
"BUXL","Buxly Paints Limited",2000,83,"4.150000","2016-07-26","2024-02-23",83,24,38,0,0,83,0,39,0,44,0,"500.000000",170000,39,83,76,True,"PARTIAL_ZERO_OHLC"
"ZAHID","Zahidjee Textile Mills Limited",1558,66,"4.236200","2016-07-27","2025-05-09",66,35,35,0,0,66,0,34,3,32,0,"0.000000",22500,34,66,64,True,"PARTIAL_ZERO_OHLC"
"UDPL","United Distributors Pakistan Limited",1600,68,"4.250000","2016-07-26","2025-01-31",68,43,44,0,0,68,0,42,0,26,0,"0.000000",172500,42,68,54,True,"PARTIAL_ZERO_OHLC"
"COLG","Colgate-Palmolive (Pakistan) Limited",2058,88,"4.275996","2016-07-26","2022-04-05",88,29,43,0,0,88,0,54,18,34,0,"0.000000",3500,54,88,76,True,"PARTIAL_ZERO_OHLC"
"SINDM","Sindh Modaraba",1623,71,"4.374615","2016-07-26","2025-02-21",71,37,40,0,0,71,0,33,3,38,0,"100.000000",20000,33,71,66,True,"PARTIAL_ZERO_OHLC"
"SHDT","Shadab Textile Mills Limited",1690,74,"4.378698","2016-07-29","2025-02-04",74,37,46,0,0,74,0,41,0,33,0,"0.000000",30000,41,74,64,True,"PARTIAL_ZERO_OHLC"
"DLL","Dawood Lawrencepur Limited",1709,75,"4.388531","2016-08-15","2025-01-27",75,34,44,0,0,75,0,48,10,27,0,"0.000000",20000,48,75,75,True,"PARTIAL_ZERO_OHLC"
"MIRKS","Mirpurkhas Sugar Mills Limited",1779,79,"4.440697","2016-08-09","2022-10-21",79,33,43,0,0,79,0,58,2,21,0,"0.000000",20100,58,79,72,True,"PARTIAL_ZERO_OHLC"
"PSYL","Pakistan Synthetics Limited",1869,83,"4.440877","2016-07-26","2026-03-17",83,39,44,0,0,83,0,60,6,23,0,"0.000000",125000,60,83,62,True,"PARTIAL_ZERO_OHLC"
"BATA","Bata Pakistan Limited",2023,90,"4.448838","2016-07-26","2024-02-27",90,73,75,0,0,90,0,77,7,13,0,"0.000000",2800,77,90,71,True,"PARTIAL_ZERO_OHLC"
"FFLM","First Fidelity Leasing Modaraba",1327,60,"4.521477","2016-07-26","2024-09-24",60,45,45,0,0,60,0,42,2,18,0,"0.000000",100000,42,60,48,True,"PARTIAL_ZERO_OHLC"
"DNCC","Dandot Cement Company Limited",1890,87,"4.603175","2016-07-29","2024-09-26",87,28,31,0,0,87,0,34,0,53,0,"500.000000",862500,34,87,87,True,"PARTIAL_ZERO_OHLC"
"OML","Olympia Mills Limited",1232,58,"4.707792","2018-02-08","2026-05-20",58,40,41,0,0,58,0,32,6,26,0,"0.000000",5000,32,58,52,True,"PARTIAL_ZERO_OHLC"
"POML","Punjab Oil Mills Limited",1735,82,"4.726225","2016-08-02","2024-09-25",82,31,39,0,0,82,0,52,15,30,0,"0.000000",42000,52,82,75,True,"PARTIAL_ZERO_OHLC"
"FASM","Faisal Spinning Mills Limited",1262,60,"4.754358","2017-06-13","2026-03-06",60,24,34,0,0,60,0,25,11,35,0,"9.500000",100000,25,60,50,True,"PARTIAL_ZERO_OHLC"
"SIBL","Security Investment Bank Limited",1452,70,"4.820937","2016-08-01","2024-10-25",70,47,47,0,0,70,0,43,0,27,0,"0.000000",484500,43,70,56,True,"PARTIAL_ZERO_OHLC"
"FCIBL","First Credit and Investment Bank Limited",1326,66,"4.977376","2016-07-29","2025-06-18",66,51,52,0,0,66,0,47,3,19,0,"0.000000",2500,47,66,57,True,"PARTIAL_ZERO_OHLC"
"ORM","Orient Rental Mod",1345,68,"5.055762","2018-01-02","2025-04-24",68,35,35,0,0,68,0,22,4,46,0,"500.000000",500000,22,68,67,True,"HIGH_FREQUENCY_QUALITY_PROBLEM"
"JATM","J.A. Textile Mills Limited",1849,96,"5.191996","2016-07-26","2026-03-05",95,76,77,0,0,96,0,70,2,26,0,"0.000000",6000,70,96,58,True,"HIGH_FREQUENCY_QUALITY_PROBLEM"
"SERT","Service Industries Textiles Limited",1707,89,"5.213825","2016-07-28","2024-10-28",89,52,62,0,0,89,0,57,0,32,0,"0.000000",8500,57,89,73,True,"HIGH_FREQUENCY_QUALITY_PROBLEM"
"BWHL","Baluchistan Wheels Limited",1839,97,"5.274606","2016-07-26","2024-03-13",97,57,58,0,0,97,0,83,1,14,0,"0.000000",10500,83,97,67,True,"HIGH_FREQUENCY_QUALITY_PROBLEM"
"UVIC","The Universal Insurance Company Limited",1399,74,"5.289492","2016-07-26","2026-03-30",74,50,54,0,0,74,0,59,1,15,0,"0.000000",41000,59,74,53,True,"HIGH_FREQUENCY_QUALITY_PROBLEM"
"AABS","Al-Abbas Sugar Mills Limited",2040,109,"5.343137","2016-07-26","2023-12-14",109,81,91,0,0,109,0,87,13,22,0,"0.000000",284000,87,109,70,True,"HIGH_FREQUENCY_QUALITY_PROBLEM"
"NESTLE","Nestle Pakistan Limited",1953,105,"5.376344","2016-07-26","2023-10-09",105,47,50,0,0,105,0,50,24,55,0,"20.000000",12060,50,105,92,True,"HIGH_FREQUENCY_QUALITY_PROBLEM"
"BELA","Bela Automotives Limited",632,34,"5.379747","2021-10-25","2025-10-08",34,34,34,0,0,34,0,33,1,1,0,"0.000000",1,33,34,19,True,"HIGH_FREQUENCY_QUALITY_PROBLEM"
"REWM","Reliance Weaving Mills Limited",1935,106,"5.478036","2016-07-26","2026-02-20",106,80,80,1,0,105,1,63,13,43,0,"0.000000",62000,62,105,93,True,"ZERO_CLOSE"
"JGICL","Jubilee General Insurance Company Ltd.",1777,99,"5.571187","2016-07-29","2024-09-16",99,40,41,0,0,99,0,40,0,59,0,"500.000000",239500,40,99,87,True,"HIGH_FREQUENCY_QUALITY_PROBLEM"
"RMPL","Rafhan Maize Products Company Limited",1614,92,"5.700124","2016-07-26","2026-07-31",92,51,52,0,0,92,0,51,34,41,0,"0.000000",11040,51,92,82,True,"HIGH_FREQUENCY_QUALITY_PROBLEM"
"FRCL","Frontier Ceramics Limited",1600,92,"5.750000","2016-07-27","2026-05-20",92,58,63,0,0,92,0,62,8,30,0,"0.000000",75000,62,92,77,True,"HIGH_FREQUENCY_QUALITY_PROBLEM"
"TATM","Tata Textile Mills Limited",1790,103,"5.754190","2016-07-27","2024-09-26",103,60,64,0,0,103,0,60,0,43,0,"0.000000",180000,60,103,84,True,"HIGH_FREQUENCY_QUALITY_PROBLEM"
"TRSM","Trust Modaraba",1337,77,"5.759162","2016-07-26","2024-08-09",77,57,57,0,0,77,0,58,1,19,0,"0.000000",1500,58,77,59,True,"HIGH_FREQUENCY_QUALITY_PROBLEM"
"FPRM","First Paramount Modaraba",1327,78,"5.877920","2016-07-26","2026-04-30",78,62,62,0,0,78,0,54,4,24,0,"0.000000",7000,54,78,70,True,"HIGH_FREQUENCY_QUALITY_PROBLEM"
"ALNRS","Al-Noor Sugar Mills Limited",1490,88,"5.906040","2016-07-28","2026-02-17",88,39,54,0,0,88,0,54,6,34,0,"0.000000",50000,54,88,81,True,"HIGH_FREQUENCY_QUALITY_PROBLEM"
"TPLI","TPL Insurance Limited",1550,92,"5.935484","2018-01-04","2024-09-24",92,17,26,0,0,92,0,75,0,17,0,"0.000000",273000,75,92,60,True,"HIGH_FREQUENCY_QUALITY_PROBLEM"
"DWTM","Dewan Textile Mills Limited",1212,74,"6.105611","2016-07-26","2024-12-12",74,49,57,0,0,74,0,56,0,18,0,"0.000000",211000,56,74,65,True,"HIGH_FREQUENCY_QUALITY_PROBLEM"
"TOWL","Towellers Limited",1964,125,"6.364562","2016-07-27","2023-01-19",125,68,72,0,0,125,0,102,2,23,0,"0.000000",101000,102,125,72,True,"HIGH_FREQUENCY_QUALITY_PROBLEM"
"PINL","Premier Insurance Limited",1675,109,"6.507463","2016-08-03","2025-03-04",109,44,44,0,0,109,0,40,1,69,0,"1000.000000",25500,40,109,100,True,"HIGH_FREQUENCY_QUALITY_PROBLEM"
"FANM","First Al-Noor Modaraba",1152,76,"6.597222","2016-07-27","2025-04-28",76,63,63,0,0,76,0,54,3,22,0,"0.000000",20000,54,76,61,True,"HIGH_FREQUENCY_QUALITY_PROBLEM"
"MSOT","Masood Textile Mills Limited",1688,114,"6.753555","2016-08-05","2025-03-21",114,74,78,0,0,114,0,85,4,29,0,"0.000000",77000,85,114,94,True,"HIGH_FREQUENCY_QUALITY_PROBLEM"
"MACTER","Macter International Limited",1426,97,"6.802244","2017-08-01","2024-07-26",97,7,72,0,0,97,0,73,3,24,0,"0.000000",5000,73,97,36,True,"HIGH_FREQUENCY_QUALITY_PROBLEM"
"KSTM","Khalid Siraj Textile Mills Limited",1029,71,"6.899903","2016-07-26","2025-04-10",71,62,62,0,0,71,0,60,1,11,0,"0.000000",10500,60,71,49,True,"HIGH_FREQUENCY_QUALITY_PROBLEM"
"IBFL","Ibrahim Fibres Limited",1589,111,"6.985525","2016-07-26","2025-06-18",111,66,82,0,0,111,0,85,3,26,0,"0.000000",760000,85,111,87,True,"HIGH_FREQUENCY_QUALITY_PROBLEM"
"ARUJ","Aruj Industries Limited",1212,85,"7.013201","2016-07-26","2024-04-04",85,32,51,0,0,85,0,66,0,19,0,"0.000000",47000,66,85,65,True,"HIGH_FREQUENCY_QUALITY_PROBLEM"
"IDYM","Indus Dyeing & Manufacturing Co. Limited",1864,131,"7.027897","2016-07-26","2020-12-22",131,77,101,0,0,131,0,119,12,12,0,"0.000000",100,119,131,81,True,"HIGH_FREQUENCY_QUALITY_PROBLEM"
"KOHTM","Kohat Textile Mills Limited",1236,88,"7.119741","2016-07-26","2025-03-14",88,55,64,0,0,88,0,74,1,14,0,"0.000000",969000,74,88,74,True,"HIGH_FREQUENCY_QUALITY_PROBLEM"
"PRET","Premium Textile Mills Limited",1572,116,"7.379135","2016-07-26","2026-05-13",116,70,73,0,0,116,0,72,14,44,0,"0.000000",24000,72,116,97,True,"HIGH_FREQUENCY_QUALITY_PROBLEM"
"FIBLM","First IBL Modaraba",1163,86,"7.394669","2016-07-26","2025-05-05",86,57,58,0,0,86,0,44,4,42,0,"0.000000",200000,44,86,65,True,"HIGH_FREQUENCY_QUALITY_PROBLEM"
"DADX","Dadex Eternit Limited",1340,100,"7.462687","2016-07-26","2024-06-10",100,56,71,0,0,100,0,73,0,27,0,"0.000000",10000,73,100,83,True,"HIGH_FREQUENCY_QUALITY_PROBLEM"
"UBDL","United Brands Limited",2010,151,"7.512438","2016-07-26","2024-06-27",151,113,133,0,0,151,0,121,0,30,0,"0.000000",10000,121,151,56,True,"HIGH_FREQUENCY_QUALITY_PROBLEM"
"SNAI","Sana Industries Limited",1433,108,"7.536636","2016-08-10","2025-08-20",108,78,84,0,0,108,0,81,2,27,0,"0.000000",100000,81,108,78,True,"HIGH_FREQUENCY_QUALITY_PROBLEM"
"LPGL","Leiner Pak Gelatine Limited",1463,114,"7.792208","2016-07-27","2023-09-11",114,68,100,0,0,114,0,109,0,5,0,"0.000000",81000,109,114,75,True,"HIGH_FREQUENCY_QUALITY_PROBLEM"
"LIVEN","Liven Pharma Limited",1383,108,"7.809111","2016-07-27","2024-10-25",108,75,78,0,0,108,0,81,1,27,0,"0.000000",12500,81,108,90,True,"HIGH_FREQUENCY_QUALITY_PROBLEM"
"INKL","International Knitwear Limited",1078,85,"7.884972","2016-07-26","2026-04-16",85,56,60,0,0,85,0,51,6,34,0,"0.000000",46500,51,85,69,True,"HIGH_FREQUENCY_QUALITY_PROBLEM"
"PPP","Pakistan Paper Products Limited",1547,122,"7.886231","2016-07-29","2024-01-30",122,70,73,0,0,122,0,85,1,37,0,"0.000000",20000,85,122,90,True,"HIGH_FREQUENCY_QUALITY_PROBLEM"
"FZCM","Fazal Cloth Mills Limited",1714,138,"8.051342","2016-07-28","2024-09-26",138,80,99,0,0,138,0,94,17,44,0,"0.000000",38000,94,138,109,True,"HIGH_FREQUENCY_QUALITY_PROBLEM"
"SHJS","Shahtaj Sugar Mills Limited",1612,131,"8.126551","2016-07-26","2026-05-08",131,61,81,0,0,131,0,94,5,37,0,"0.000000",25000,94,131,111,True,"HIGH_FREQUENCY_QUALITY_PROBLEM"
"SARC","Sardar Chemical Industries Limited",1503,123,"8.183633","2016-07-29","2026-05-22",123,91,105,0,0,123,0,105,4,18,0,"0.000000",21500,105,123,89,True,"HIGH_FREQUENCY_QUALITY_PROBLEM"
"UPFL","Unilever Pakistan Foods Limited",1412,117,"8.286119","2016-07-27","2024-08-08",117,75,77,0,0,117,0,80,33,37,0,"0.000000",500,80,117,89,True,"HIGH_FREQUENCY_QUALITY_PROBLEM"
"GATI","Gatron (Industries) Limited",1680,142,"8.452381","2016-07-26","2024-04-01",142,95,103,0,0,142,0,126,4,16,0,"0.000000",500,126,142,105,True,"HIGH_FREQUENCY_QUALITY_PROBLEM"
"SURC","Suraj Cotton Mills Limited",1365,118,"8.644689","2016-07-28","2025-02-27",118,70,77,0,0,118,0,79,12,39,0,"0.000000",475000,79,118,99,True,"HIGH_FREQUENCY_QUALITY_PROBLEM"
"PECO","Pakistan Engineering Company Limited",1424,126,"8.848315","2016-08-15","2024-12-13",126,76,101,0,0,126,0,110,9,16,0,"0.000000",53000,110,126,103,True,"HIGH_FREQUENCY_QUALITY_PROBLEM"
"JKSM","J.K. Spinning Mills Limited",1222,110,"9.001637","2016-07-26","2026-07-14",110,83,88,1,0,109,1,88,4,22,0,"0.000000",35500,87,109,87,True,"ZERO_CLOSE"
"SUTM","Sunrays Textile Mills Limited",1442,134,"9.292649","2016-07-26","2025-01-23",134,86,97,0,0,134,0,100,19,34,0,"0.000000",20000,100,134,100,True,"HIGH_FREQUENCY_QUALITY_PROBLEM"
"QUET","Quetta Textile Mills Limited",1417,133,"9.386027","2016-07-26","2026-02-13",133,95,103,0,0,133,0,109,4,24,0,"0.000000",357000,109,133,74,True,"HIGH_FREQUENCY_QUALITY_PROBLEM"
"SLYT","Sally Textile Mills Limited",1039,100,"9.624639","2016-07-26","2026-04-17",100,63,65,0,0,100,0,64,1,36,0,"0.000000",390000,64,100,79,True,"HIGH_FREQUENCY_QUALITY_PROBLEM"
"NAGC","Nagina Cotton Mills Limited",1316,129,"9.802432","2016-07-26","2026-04-06",129,80,91,0,0,129,0,103,3,26,0,"0.000000",70000,103,129,93,True,"HIGH_FREQUENCY_QUALITY_PROBLEM"
"PRWM","Prosperity Weaving Mills Limited",1261,124,"9.833466","2016-07-26","2026-01-12",124,101,102,0,0,124,0,93,2,31,0,"0.000000",141500,93,124,89,True,"HIGH_FREQUENCY_QUALITY_PROBLEM"
"FTMM","First Treet Manufacturing Modaraba",1571,158,"10.057288","2016-07-26","2023-08-04",158,136,142,0,0,158,0,141,0,17,0,"0.000000",160000,141,158,31,True,"HIGH_FREQUENCY_QUALITY_PROBLEM"
"SEL","Sitara Energy Limited",1168,119,"10.188356","2016-07-27","2025-08-11",119,69,75,0,0,119,0,73,8,46,0,"0.000000",149000,73,119,100,True,"HIGH_FREQUENCY_QUALITY_PROBLEM"
"JSGCL","JS Global Capital Limited",1569,165,"10.516252","2016-07-26","2026-03-19",165,84,93,0,0,165,0,94,7,71,0,"0.000000",218500,94,165,130,True,"HIGH_FREQUENCY_QUALITY_PROBLEM"
"PGLC","Pak-Gulf Leasing Company Limited",1295,137,"10.579151","2016-07-26","2024-09-19",137,98,109,0,0,137,0,125,0,12,0,"0.000000",73000,125,137,66,True,"HIGH_FREQUENCY_QUALITY_PROBLEM"
"ASHT","Ashfaq Textile Mills Limited",1148,122,"10.627178","2016-07-27","2026-02-13",122,102,106,0,0,122,0,90,7,32,0,"0.000000",22000,90,122,85,True,"HIGH_FREQUENCY_QUALITY_PROBLEM"
"SGPL","S.G. Power Limited",1274,140,"10.989011","2016-07-26","2025-02-11",140,136,136,0,0,140,0,128,1,12,0,"0.000000",4500,128,140,13,True,"HIGH_FREQUENCY_QUALITY_PROBLEM"
"ISIL","Ismail Industries Limited",1136,126,"11.091549","2016-07-26","2026-04-02",126,90,100,0,0,126,0,107,13,19,0,"0.000000",1300,107,126,110,True,"HIGH_FREQUENCY_QUALITY_PROBLEM"
"PIM","Popular Islamic Modaraba",1319,150,"11.372252","2016-07-26","2026-01-27",150,126,127,0,0,150,0,110,1,40,0,"0.000000",3000,110,150,77,True,"HIGH_FREQUENCY_QUALITY_PROBLEM"
"TSBL","Trust Securities & Brokerage Limited",1282,146,"11.388456","2016-07-27","2025-10-23",146,65,71,0,0,146,0,64,4,82,0,"500.000000",1112500,64,146,127,True,"HIGH_FREQUENCY_QUALITY_PROBLEM"
"SFL","Sapphire Fibres Limited",1496,180,"12.032086","2016-07-28","2026-07-23",180,98,132,0,0,180,0,139,16,41,0,"0.000000",20000,139,180,115,True,"HIGH_FREQUENCY_QUALITY_PROBLEM"
"TICL","The Thal Industries Corporation Limited",1467,177,"12.065440","2016-07-26","2026-02-10",177,126,146,0,0,177,0,146,10,31,0,"0.000000",9500,146,177,107,True,"HIGH_FREQUENCY_QUALITY_PROBLEM"
"BTL","Blessed Textiles Limited",1417,171,"12.067749","2016-07-26","2026-06-23",171,122,145,0,0,171,0,133,12,38,0,"0.000000",28200,133,171,108,True,"HIGH_FREQUENCY_QUALITY_PROBLEM"
"ARCTM","Arctic Textile Mills Limited",1300,161,"12.384615","2016-07-26","2024-10-30",161,138,138,0,0,161,0,143,0,18,0,"0.000000",50000,143,161,27,True,"HIGH_FREQUENCY_QUALITY_PROBLEM"
"STJT","Shahtaj Textile Limited",1525,189,"12.393443","2016-07-26","2026-02-18",189,121,154,0,0,189,0,167,5,22,0,"0.000000",11000,167,189,127,True,"HIGH_FREQUENCY_QUALITY_PROBLEM"
"STL","Supernet Technologies Limited",718,89,"12.395543","2019-06-17","2026-01-07",89,47,47,0,0,89,0,84,3,5,0,"0.000000",17700,84,89,28,True,"HIGH_FREQUENCY_QUALITY_PROBLEM"
"SAPT","Sapphire Textile Mills Limited",1553,196,"12.620734","2016-07-26","2026-07-30",196,120,145,0,0,196,0,155,34,41,0,"0.000000",5500,155,196,100,True,"HIGH_FREQUENCY_QUALITY_PROBLEM"
"BFMOD","B.F. Modaraba",947,122,"12.882788","2016-07-26","2025-04-18",122,110,113,0,0,122,0,107,3,15,0,"0.000000",169206,107,122,53,True,"HIGH_FREQUENCY_QUALITY_PROBLEM"
"IDRT","Idrees Textile Mills Limited",1045,138,"13.205742","2016-07-26","2025-02-04",138,117,123,0,0,138,0,124,1,14,0,"0.000000",3500,124,138,70,True,"HIGH_FREQUENCY_QUALITY_PROBLEM"
"PIAHCLB","PIA Holding Company LimitedB",566,77,"13.604240","2020-11-25","2026-07-10",77,58,58,0,0,77,0,68,8,9,0,"0.000000",1000,68,77,22,True,"HIGH_FREQUENCY_QUALITY_PROBLEM"
"TPLL","TPL Life Insurance Limited",806,110,"13.647643","2016-07-28","2024-10-04",110,96,96,0,0,110,0,96,0,14,0,"0.000000",8000,96,110,65,True,"HIGH_FREQUENCY_QUALITY_PROBLEM"
"AMBL","Apna Microfinance Bank Limited",1281,175,"13.661202","2016-07-26","2025-06-23",175,103,103,0,0,175,0,158,2,17,0,"0.000000",45500,158,175,112,True,"HIGH_FREQUENCY_QUALITY_PROBLEM"
"MSCL","Metropolitan Steel Corporation Limited",1409,195,"13.839603","2016-07-26","2024-09-24",195,169,173,0,0,195,0,178,0,17,0,"0.000000",200000,178,195,55,True,"HIGH_FREQUENCY_QUALITY_PROBLEM"
"PSEL","Pakistan Services Limited",1067,158,"14.807873","2016-07-28","2024-03-27",158,136,139,0,0,158,0,149,7,9,0,"0.000000",200,149,158,72,True,"HIGH_FREQUENCY_QUALITY_PROBLEM"
"ELSM","Ellcot Spinning Mills Limited",1147,170,"14.821273","2016-07-26","2026-06-18",170,122,126,0,0,170,0,123,9,47,0,"0.000000",14500,123,170,105,True,"HIGH_FREQUENCY_QUALITY_PROBLEM"
"GOC","GOC (Pak) Limited.",1202,187,"15.557404","2016-07-27","2026-03-16",187,97,114,0,0,187,0,122,5,65,0,"0.000000",31000,122,187,124,True,"HIGH_FREQUENCY_QUALITY_PROBLEM"
"NSRM","The National Silk & Rayon Mills Limited",917,144,"15.703381","2016-07-26","2026-05-04",144,110,127,0,0,144,0,133,5,11,0,"0.000000",1500,133,144,83,True,"HIGH_FREQUENCY_QUALITY_PROBLEM"
"BHAT","Bhanero Textile Mills Limited",1023,161,"15.738025","2016-07-27","2026-06-19",161,123,127,0,0,161,0,138,19,23,0,"0.000000",800,138,161,94,True,"HIGH_FREQUENCY_QUALITY_PROBLEM"
"AKGL","Al-Khair Gadoon Limited",956,152,"15.899582","2016-07-26","2026-07-22",152,112,126,0,0,152,0,114,19,38,0,"0.000000",15000,114,152,99,True,"HIGH_FREQUENCY_QUALITY_PROBLEM"
"IDEAL","Ideal Dynamics Limited",971,160,"16.477858","2016-07-26","2025-12-29",160,121,126,0,0,160,0,125,9,35,0,"0.000000",40000,125,160,86,True,"HIGH_FREQUENCY_QUALITY_PROBLEM"
"DIIL","Diamond Industries Limited",610,101,"16.557377","2016-07-26","2025-07-03",101,96,96,0,0,101,0,88,4,13,0,"0.000000",2500,88,101,71,True,"HIGH_FREQUENCY_QUALITY_PROBLEM"
"FTSM","First Tri-Star Modaraba",992,165,"16.633065","2016-07-26","2025-02-12",165,106,141,0,0,165,0,149,2,16,0,"0.000000",8000,149,165,80,True,"HIGH_FREQUENCY_QUALITY_PROBLEM"
"SANSM","Sanghar Sugar Mills Limited",1171,195,"16.652434","2016-07-26","2026-07-20",195,137,149,0,0,195,0,167,1,28,0,"0.000000",55000,167,195,73,True,"HIGH_FREQUENCY_QUALITY_PROBLEM"
"SASML","Sindh Abadgars Sugar Mills Limited",1217,206,"16.926869","2016-08-11","2026-04-27",206,105,157,0,0,206,0,177,6,29,0,"0.000000",10000,177,206,128,True,"HIGH_FREQUENCY_QUALITY_PROBLEM"
"MEHT","Mehmood Textile Mills Limited",1104,188,"17.028986","2016-07-26","2024-11-15",188,149,162,0,0,188,0,182,4,6,0,"0.000000",900,182,188,64,True,"HIGH_FREQUENCY_QUALITY_PROBLEM"
"DINT","Din Textile Mills Limited",995,178,"17.889447","2016-07-26","2026-03-02",178,138,158,0,0,178,0,153,5,25,0,"0.000000",13000,153,178,104,True,"HIGH_FREQUENCY_QUALITY_PROBLEM"
"HUSI","Husein Industries Limited",872,167,"19.151376","2016-07-26","2026-06-12",167,160,160,0,0,167,0,150,4,17,0,"0.000000",15500,150,167,33,True,"HIGH_FREQUENCY_QUALITY_PROBLEM"
"DBCI","Dadabhoy Cement Industries Limited",670,130,"19.402985","2016-07-26","2021-10-29",130,130,130,0,0,130,0,130,0,0,0,"0.000000",0,130,130,1,True,"HIGH_FREQUENCY_QUALITY_PROBLEM"
"DWAE","Dewan Automotive Engineering Limited",670,130,"19.402985","2016-07-26","2021-10-29",130,130,130,0,0,130,0,130,0,0,0,"0.000000",0,130,130,1,True,"HIGH_FREQUENCY_QUALITY_PROBLEM"
"MWMP","Mandviwala Mauser Plastic Industries",670,130,"19.402985","2016-07-26","2021-10-29",130,130,130,0,0,130,0,130,0,0,0,"0.000000",0,130,130,1,True,"HIGH_FREQUENCY_QUALITY_PROBLEM"
"AATM","Ali Asghar Textile Mills Limited",671,131,"19.523100","2016-07-26","2025-05-07",131,131,131,0,0,131,0,130,0,1,0,"0.000000",2500,130,131,2,True,"HIGH_FREQUENCY_QUALITY_PROBLEM"
"SHCM","Shadman Cotton Mills Limited",905,178,"19.668508","2016-07-26","2026-07-09",178,148,157,0,0,178,0,151,9,27,0,"0.000000",2000,151,178,80,True,"HIGH_FREQUENCY_QUALITY_PROBLEM"
"PASM","Paramount Spinning Mills Limited",668,132,"19.760479","2016-07-26","2026-01-27",132,132,132,0,0,132,0,130,2,2,0,"0.000000",5,130,132,3,True,"HIGH_FREQUENCY_QUALITY_PROBLEM"
"GSPM","Gulshan Spinning Mills Limited",666,132,"19.819820","2016-07-26","2025-11-12",132,132,132,0,0,132,0,130,1,2,0,"0.000000",6000,130,132,3,True,"HIGH_FREQUENCY_QUALITY_PROBLEM"
"GUSM","Gulistan Spinning Mills Limited",643,131,"20.373250","2016-07-26","2025-03-21",131,131,131,0,0,131,0,130,0,1,0,"0.000000",1000,130,131,2,True,"HIGH_FREQUENCY_QUALITY_PROBLEM"
"PAKL","Pak Leather Crafts Limited",726,148,"20.385675","2016-07-26","2025-04-03",148,146,146,0,0,148,0,141,2,7,0,"0.000000",4000,141,148,14,True,"HIGH_FREQUENCY_QUALITY_PROBLEM"
"KPUS","Khairpur Sugar Mills Limited",1087,225,"20.699172","2016-07-26","2025-06-26",225,173,203,0,0,225,0,209,5,16,0,"0.000000",2000,209,225,95,True,"HIGH_FREQUENCY_QUALITY_PROBLEM"
"CCM","Crescent Cotton Mills Limited",1047,220,"21.012416","2016-07-26","2026-03-24",220,158,197,0,0,220,0,192,9,28,0,"0.000000",100000,192,220,94,True,"HIGH_FREQUENCY_QUALITY_PROBLEM"
"STML","Shams Textile Mills Limited",1094,230,"21.023766","2016-07-26","2026-05-18",230,157,173,0,0,230,0,174,5,56,0,"0.000000",20000,174,230,142,True,"HIGH_FREQUENCY_QUALITY_PROBLEM"
"FCEL","First Capital Equities Limited",645,136,"21.085271","2016-07-26","2025-03-18",136,126,129,0,0,136,0,127,1,9,0,"0.000000",885000,127,136,33,True,"HIGH_FREQUENCY_QUALITY_PROBLEM"
"MQTM","Maqbool Textile Mills Limited",1023,221,"21.603128","2016-07-26","2024-09-26",221,129,162,0,0,221,0,202,0,19,0,"0.000000",5000,202,221,117,True,"HIGH_FREQUENCY_QUALITY_PROBLEM"
"PMRS","The Premier Sugar Mills",783,170,"21.711367","2016-07-26","2026-06-15",170,124,150,0,0,170,0,148,13,22,0,"0.000000",94000,148,170,88,True,"HIGH_FREQUENCY_QUALITY_PROBLEM"
"CFL","Crescent Fibres Limited",753,168,"22.310757","2016-07-26","2026-04-30",168,138,145,0,0,168,0,147,6,21,0,"0.000000",74500,147,168,77,True,"HIGH_FREQUENCY_QUALITY_PROBLEM"
"ELCM","Elahi Cotton Mills Limited",760,192,"25.263158","2016-07-26","2026-04-07",192,145,167,0,0,192,0,178,4,14,0,"0.000000",6000,178,192,63,True,"HIGH_FREQUENCY_QUALITY_PROBLEM"
"FIMM","First Imrooz Modaraba",719,187,"26.008345","2016-07-26","2026-06-09",187,151,152,0,0,187,0,159,21,28,0,"0.000000",900,159,187,76,True,"HIGH_FREQUENCY_QUALITY_PROBLEM"
"SZTM","Shahzad Textile Mills Limited",583,155,"26.586621","2016-07-26","2026-02-09",155,134,143,0,0,155,0,145,4,10,0,"0.000000",1500,145,155,52,True,"HIGH_FREQUENCY_QUALITY_PROBLEM"
"TSML","Tandlianwala Sugar Mills Limited",1207,326,"27.009114","2016-07-26","2026-02-27",326,199,243,0,0,326,0,305,11,21,0,"0.000000",2541,305,326,136,True,"HIGH_FREQUENCY_QUALITY_PROBLEM"
"HAFL","Hafiz Limited",560,154,"27.500000","2016-07-26","2026-07-03",154,147,150,0,0,154,0,141,11,13,0,"0.000000",600,141,154,33,True,"HIGH_FREQUENCY_QUALITY_PROBLEM"
"FIL","Fateh Industries Limited",494,136,"27.530364","2016-07-26","2026-06-10",136,136,136,0,0,136,0,130,5,6,0,"0.000000",379,130,136,7,True,"HIGH_FREQUENCY_QUALITY_PROBLEM"
"ANLNV","Azgard Nine Non-Voting Ordinary Shares",87,24,"27.586207","2021-10-25","2026-07-22",24,24,24,0,0,24,0,21,1,3,0,"0.000000",1500,21,24,4,True,"HIGH_FREQUENCY_QUALITY_PROBLEM"
"ARPAK","Arpak International Investments Ltd.",815,227,"27.852761","2016-07-26","2026-02-03",227,135,170,1,0,226,1,212,4,15,0,"0.000000",5000,211,226,98,True,"ZERO_CLOSE"
"SUHJ","Suhail Jute Mills Limited",600,173,"28.833333","2016-07-26","2026-01-01",173,172,172,0,0,173,0,164,7,9,0,"0.000000",2500,164,173,33,True,"HIGH_FREQUENCY_QUALITY_PROBLEM"
"FSWL","Fateh Sports Wear Limited",485,145,"29.896907","2016-07-26","2026-05-22",145,145,145,0,0,145,0,138,7,7,0,"0.000000",96,138,145,13,True,"HIGH_FREQUENCY_QUALITY_PROBLEM"
"DMC","D.M. Corporation Limited.",581,175,"30.120482","2016-07-26","2026-03-26",175,139,154,0,0,175,0,148,5,27,0,"0.000000",2000,148,175,43,True,"HIGH_FREQUENCY_QUALITY_PROBLEM"
"AHTM","Ahmad Hassan Textile Mills Limited",592,179,"30.236486","2016-07-26","2024-09-25",179,147,160,0,0,179,0,169,0,10,0,"0.000000",13500,169,179,64,True,"HIGH_FREQUENCY_QUALITY_PROBLEM"
"BAFS","Baba Farid Sugar Mills Limited",670,222,"33.134328","2016-07-26","2026-05-05",222,163,197,0,0,222,0,212,6,10,0,"0.000000",500,212,222,66,True,"HIGH_FREQUENCY_QUALITY_PROBLEM"
"KCL","Karam Ceramics Limited",810,275,"33.950617","2016-07-26","2026-07-20",275,162,224,0,0,275,0,256,3,19,0,"0.000000",12500,256,275,90,True,"HIGH_FREQUENCY_QUALITY_PROBLEM"
"KHYT","Khyber Textile Mills Limited",864,300,"34.722222","2016-07-26","2025-12-09",300,196,272,0,0,300,0,288,9,12,0,"0.000000",5000,288,300,80,True,"HIGH_FREQUENCY_QUALITY_PROBLEM"
"ASIC","Asia Insurance Company Limited",416,148,"35.576923","2016-07-26","2026-07-03",148,146,146,0,0,148,0,143,2,5,0,"0.000000",500,143,148,15,True,"HIGH_FREQUENCY_QUALITY_PROBLEM"
"EWIC","East West Insurance Company Limited",460,182,"39.565217","2016-07-26","2026-07-16",182,152,155,0,0,182,0,171,5,11,0,"0.000000",100000,171,182,28,True,"HIGH_FREQUENCY_QUALITY_PROBLEM"
"ITANZ","Itanz Technologies Limited",265,150,"56.603774","2016-07-26","2026-02-10",150,150,150,0,0,150,0,149,1,1,0,"0.000000",1,149,150,2,True,"HIGH_FREQUENCY_QUALITY_PROBLEM"
"AWTX","Allawasaya Tex. & Finishing Mills Ltd",298,186,"62.416107","2016-07-26","2024-09-26",186,183,183,0,0,186,0,184,2,2,0,"0.000000",100,184,186,29,True,"HIGH_FREQUENCY_QUALITY_PROBLEM"
"NATM","Nadeem Textile Mills Limited",183,170,"92.896175","2016-07-26","2024-12-16",170,168,168,0,0,170,0,169,0,1,0,"0.000000",500,169,170,8,True,"HIGH_FREQUENCY_QUALITY_PROBLEM"
